time,pdu_id,upf_id,cpu_allocated,observed_latency,required_cpu,required_max_latency,status,event
0.47,1,0.0,39.25727173913044,0.69,39.25727173913044,0.69,SATISFIED,START
3.48,2,1.0,56.959836538461545,0.78,56.959836538461545,0.78,SATISFIED,START
4.8,3,2.0,79.51041836734696,0.48999999999999994,79.51041836734696,0.49,SATISFIED,START
5.71,4,3.0,46.240974025974026,0.77,46.240974025974026,0.77,SATISFIED,START
5.88,5,4.0,68.08408571428572,0.7,68.08408571428572,0.7,SATISFIED,START
6.05,6,0.0,44.80635080645161,0.62,44.80635080645161,0.62,SATISFIED,START
6.11,7,3.0,57.4086576923077,0.65,57.4086576923077,0.65,SATISFIED,START
8.12,8,1.0,38.89821538461538,0.65,38.89821538461538,0.65,SATISFIED,START
9.04,9,4.0,50.995159722222226,0.72,50.995159722222226,0.72,SATISFIED,START
10.27,10,2.0,40.62705,0.65,40.62705,0.65,SATISFIED,START
10.29,11,0.0,50.85535909090908,0.55,50.85535909090908,0.55,SATISFIED,START
13.79,12,1.0,49.014307017543864,0.57,49.014307017543864,0.57,SATISFIED,START
15.58,13,3.0,67.59058606557377,0.61,67.59058606557377,0.61,SATISFIED,START
15.82,14,4.0,61.48045422535211,0.71,61.48045422535211,0.71,SATISFIED,START
16.02,15,2.0,53.49218918918919,0.74,53.49218918918919,0.74,SATISFIED,START
16.12,11,0.0,50.85535909090908,0.55,,0.55,SATISFIED,TERMINATE
16.12,1,0.0,39.25727173913044,0.69,39.25727173913044,0.69,SATISFIED,REBALANCE
16.12,6,0.0,44.80635080645161,0.62,44.80635080645161,0.62,SATISFIED,REBALANCE
16.2,5,4.0,68.08408571428572,0.7,,0.7,SATISFIED,TERMINATE
16.2,9,4.0,50.995159722222226,0.72,50.995159722222226,0.72,SATISFIED,REBALANCE
16.2,14,4.0,61.48045422535211,0.71,61.48045422535211,0.71,SATISFIED,REBALANCE
16.22,16,1.0,55.127641059379215,0.8898315174988624,57.71095588235295,0.85,UNSATISFIED,START
16.57,16,1.0,55.127641059379215,0.8898315174988624,,0.85,UNSATISFIED,TERMINATE
16.57,2,1.0,56.959836538461545,0.78,56.959836538461545,0.78,SATISFIED,REBALANCE
16.57,8,1.0,38.89821538461538,0.65,38.89821538461538,0.65,SATISFIED,REBALANCE
16.57,12,1.0,49.014307017543864,0.57,49.014307017543864,0.57,SATISFIED,REBALANCE
16.59,17,3.0,28.759782216144515,1.195133006977541,52.87963846153846,0.65,UNSATISFIED,START
17.33,18,2.0,26.37034244346387,1.218899700256524,52.69311885245902,0.61,UNSATISFIED,START
17.89,19,0.0,0.0,inf,66.73568214285716,0.7,UNSATISFIED,START
18.24,20,0.0,0.0,inf,84.97193055555556,0.36,UNSATISFIED,START
19.19,21,0.0,0.0,inf,59.85434451219513,0.82,UNSATISFIED,START
19.34,22,0.0,0.0,inf,30.48658132530121,0.83,UNSATISFIED,START
19.68,23,0.0,0.0,inf,60.05728048780489,0.82,UNSATISFIED,START
20.14,24,0.0,0.0,inf,34.77199666666667,0.75,UNSATISFIED,START
20.75,25,0.0,0.0,inf,57.65680182926829,0.82,UNSATISFIED,START
22.28,26,0.0,0.0,inf,62.610700819672125,0.61,UNSATISFIED,START
22.51,27,0.0,0.0,inf,75.4910909090909,0.66,UNSATISFIED,START
23.23,28,0.0,0.0,inf,28.55842021276596,0.94,UNSATISFIED,START
24.13,29,0.0,0.0,inf,66.97647844827586,0.58,UNSATISFIED,START
24.17,30,0.0,0.0,inf,63.11866987179487,0.78,UNSATISFIED,START
24.62,20,0.0,0.0,inf,,0.36,UNSATISFIED,TERMINATE
24.62,1,0.0,39.25727173913044,0.69,39.25727173913044,0.69,SATISFIED,REBALANCE
24.62,6,0.0,44.80635080645161,0.62,44.80635080645161,0.62,SATISFIED,REBALANCE
24.62,19,0.0,66.73568214285716,0.6999999999999998,66.73568214285716,0.7,SATISFIED,REBALANCE
24.62,21,0.0,59.85434451219513,0.82,59.85434451219513,0.82,SATISFIED,REBALANCE
24.62,22,0.0,30.48658132530121,0.83,30.48658132530121,0.83,SATISFIED,REBALANCE
24.62,23,0.0,60.05728048780489,0.82,60.05728048780489,0.82,SATISFIED,REBALANCE
24.62,24,0.0,34.77199666666667,0.75,34.77199666666667,0.75,SATISFIED,REBALANCE
24.62,25,0.0,57.65680182926829,0.82,57.65680182926829,0.82,SATISFIED,REBALANCE
24.62,26,0.0,62.610700819672125,0.61,62.610700819672125,0.61,SATISFIED,REBALANCE
24.62,27,0.0,75.4910909090909,0.66,75.4910909090909,0.66,SATISFIED,REBALANCE
24.62,28,0.0,28.55842021276596,0.94,28.55842021276596,0.94,SATISFIED,REBALANCE
24.62,29,0.0,66.97647844827586,0.58,66.97647844827586,0.58,SATISFIED,REBALANCE
24.62,30,0.0,63.11866987179487,0.78,63.11866987179487,0.78,SATISFIED,REBALANCE
25.11,31,1.0,0.0,inf,44.79699411764706,0.85,UNSATISFIED,START
25.3,32,1.0,0.0,inf,61.71964393939393,0.66,UNSATISFIED,START
25.36,33,1.0,0.0,inf,77.07948636363636,0.55,UNSATISFIED,START
26.73,12,1.0,67.39018737067028,0.41457304230852027,,0.57,SATISFIED,TERMINATE
26.73,2,1.0,56.959836538461545,0.78,56.959836538461545,0.78,SATISFIED,REBALANCE
26.73,8,1.0,38.89821538461538,0.65,38.89821538461538,0.65,SATISFIED,REBALANCE
26.73,31,1.0,44.79699411764706,0.8499999999999999,44.79699411764706,0.85,SATISFIED,REBALANCE
26.73,32,1.0,61.71964393939393,0.66,61.71964393939393,0.66,SATISFIED,REBALANCE
26.73,33,1.0,77.07948636363636,0.55,77.07948636363636,0.55,SATISFIED,REBALANCE
27.24,33,1.0,77.07948636363636,0.55,,0.55,SATISFIED,TERMINATE
27.24,2,1.0,56.959836538461545,0.78,56.959836538461545,0.78,SATISFIED,REBALANCE
27.24,8,1.0,38.89821538461538,0.65,38.89821538461538,0.65,SATISFIED,REBALANCE
27.24,31,1.0,44.79699411764706,0.8499999999999999,44.79699411764706,0.85,SATISFIED,REBALANCE
27.24,32,1.0,61.71964393939393,0.66,61.71964393939393,0.66,SATISFIED,REBALANCE
28.34,34,2.0,0.0,inf,68.61042924528302,0.53,UNSATISFIED,START
29.41,10,2.0,40.62705,0.65,,0.65,SATISFIED,TERMINATE
29.41,3,2.0,79.51041836734696,0.48999999999999994,79.51041836734696,0.49,SATISFIED,REBALANCE
29.41,15,2.0,53.49218918918919,0.74,53.49218918918919,0.74,SATISFIED,REBALANCE
29.41,18,2.0,52.69311885245902,0.61,52.69311885245902,0.61,SATISFIED,REBALANCE
29.41,34,2.0,68.61042924528302,0.53,68.61042924528302,0.53,SATISFIED,REBALANCE
30.45,19,0.0,66.73568214285716,0.6999999999999998,,0.7,SATISFIED,TERMINATE
30.45,1,0.0,39.25727173913044,0.69,39.25727173913044,0.69,SATISFIED,REBALANCE
30.45,6,0.0,44.80635080645161,0.62,44.80635080645161,0.62,SATISFIED,REBALANCE
30.45,21,0.0,59.85434451219513,0.82,59.85434451219513,0.82,SATISFIED,REBALANCE
30.45,22,0.0,30.48658132530121,0.83,30.48658132530121,0.83,SATISFIED,REBALANCE
30.45,23,0.0,60.05728048780489,0.82,60.05728048780489,0.82,SATISFIED,REBALANCE
30.45,24,0.0,34.77199666666667,0.75,34.77199666666667,0.75,SATISFIED,REBALANCE
30.45,25,0.0,57.65680182926829,0.82,57.65680182926829,0.82,SATISFIED,REBALANCE
30.45,26,0.0,62.610700819672125,0.61,62.610700819672125,0.61,SATISFIED,REBALANCE
30.45,27,0.0,75.4910909090909,0.66,75.4910909090909,0.66,SATISFIED,REBALANCE
30.45,28,0.0,28.55842021276596,0.94,28.55842021276596,0.94,SATISFIED,REBALANCE
30.45,29,0.0,66.97647844827586,0.58,66.97647844827586,0.58,SATISFIED,REBALANCE
30.45,30,0.0,63.11866987179487,0.78,63.11866987179487,0.78,SATISFIED,REBALANCE
31.71,35,3.0,0.0,inf,107.07619078947369,0.38,UNSATISFIED,START
33.36,36,3.0,0.0,inf,73.34788425925926,0.54,UNSATISFIED,START
33.72,37,3.0,0.0,inf,54.630977011494245,0.87,UNSATISFIED,START
33.83,38,3.0,0.0,inf,63.746731707317075,0.41,UNSATISFIED,START
34.98,39,3.0,0.0,inf,52.4984918032787,0.61,UNSATISFIED,START
35.56,40,3.0,0.0,inf,53.582733516483515,0.91,UNSATISFIED,START
35.69,41,3.0,0.0,inf,87.51221296296296,0.54,UNSATISFIED,START
36.0,36,3.0,0.0,inf,,0.54,UNSATISFIED,TERMINATE
36.0,4,3.0,46.240974025974026,0.77,46.240974025974026,0.77,SATISFIED,REBALANCE
36.0,7,3.0,57.4086576923077,0.65,57.4086576923077,0.65,SATISFIED,REBALANCE
36.0,13,3.0,67.59058606557377,0.61,67.59058606557377,0.61,SATISFIED,REBALANCE
36.0,17,3.0,52.87963846153846,0.65,52.87963846153846,0.65,SATISFIED,REBALANCE
36.0,35,3.0,107.07619078947369,0.38,107.07619078947369,0.38,SATISFIED,REBALANCE
36.0,37,3.0,54.630977011494245,0.87,54.630977011494245,0.87,SATISFIED,REBALANCE
36.0,38,3.0,63.746731707317075,0.41,63.746731707317075,0.41,SATISFIED,REBALANCE
36.0,39,3.0,52.4984918032787,0.61,52.4984918032787,0.61,SATISFIED,REBALANCE
36.0,40,3.0,53.582733516483515,0.9099999999999999,53.582733516483515,0.91,SATISFIED,REBALANCE
36.0,41,3.0,87.51221296296296,0.54,87.51221296296296,0.54,SATISFIED,REBALANCE
36.37,42,4.0,0.0,inf,42.813435294117646,0.85,UNSATISFIED,START
36.41,43,4.0,0.0,inf,63.2864296875,0.64,UNSATISFIED,START
38.63,29,0.0,66.97647844827586,0.58,,0.58,SATISFIED,TERMINATE
38.63,1,0.0,39.25727173913044,0.69,39.25727173913044,0.69,SATISFIED,REBALANCE
38.63,6,0.0,44.80635080645161,0.62,44.80635080645161,0.62,SATISFIED,REBALANCE
38.63,21,0.0,59.85434451219513,0.82,59.85434451219513,0.82,SATISFIED,REBALANCE
38.63,22,0.0,30.48658132530121,0.83,30.48658132530121,0.83,SATISFIED,REBALANCE
38.63,23,0.0,60.05728048780489,0.82,60.05728048780489,0.82,SATISFIED,REBALANCE
38.63,24,0.0,34.77199666666667,0.75,34.77199666666667,0.75,SATISFIED,REBALANCE
38.63,25,0.0,57.65680182926829,0.82,57.65680182926829,0.82,SATISFIED,REBALANCE
38.63,26,0.0,62.610700819672125,0.61,62.610700819672125,0.61,SATISFIED,REBALANCE
38.63,27,0.0,75.4910909090909,0.66,75.4910909090909,0.66,SATISFIED,REBALANCE
38.63,28,0.0,28.55842021276596,0.94,28.55842021276596,0.94,SATISFIED,REBALANCE
38.63,30,0.0,63.11866987179487,0.78,63.11866987179487,0.78,SATISFIED,REBALANCE
38.81,44,4.0,0.0,inf,65.17251020408163,0.49,UNSATISFIED,START
39.11,45,4.0,0.0,inf,42.432900000000004,0.7,UNSATISFIED,START
39.2,23,0.0,60.05728048780489,0.82,,0.82,SATISFIED,TERMINATE
39.2,1,0.0,39.25727173913044,0.69,39.25727173913044,0.69,SATISFIED,REBALANCE
39.2,6,0.0,44.80635080645161,0.62,44.80635080645161,0.62,SATISFIED,REBALANCE
39.2,21,0.0,59.85434451219513,0.82,59.85434451219513,0.82,SATISFIED,REBALANCE
39.2,22,0.0,30.48658132530121,0.83,30.48658132530121,0.83,SATISFIED,REBALANCE
39.2,24,0.0,34.77199666666667,0.75,34.77199666666667,0.75,SATISFIED,REBALANCE
39.2,25,0.0,57.65680182926829,0.82,57.65680182926829,0.82,SATISFIED,REBALANCE
39.2,26,0.0,62.610700819672125,0.61,62.610700819672125,0.61,SATISFIED,REBALANCE
39.2,27,0.0,75.4910909090909,0.66,75.4910909090909,0.66,SATISFIED,REBALANCE
39.2,28,0.0,28.55842021276596,0.94,28.55842021276596,0.94,SATISFIED,REBALANCE
39.2,30,0.0,63.11866987179487,0.78,63.11866987179487,0.78,SATISFIED,REBALANCE
39.78,21,0.0,59.85434451219513,0.82,,0.82,SATISFIED,TERMINATE
39.78,1,0.0,39.25727173913044,0.69,39.25727173913044,0.69,SATISFIED,REBALANCE
39.78,6,0.0,44.80635080645161,0.62,44.80635080645161,0.62,SATISFIED,REBALANCE
39.78,22,0.0,30.48658132530121,0.83,30.48658132530121,0.83,SATISFIED,REBALANCE
39.78,24,0.0,34.77199666666667,0.75,34.77199666666667,0.75,SATISFIED,REBALANCE
39.78,25,0.0,57.65680182926829,0.82,57.65680182926829,0.82,SATISFIED,REBALANCE
39.78,26,0.0,62.610700819672125,0.61,62.610700819672125,0.61,SATISFIED,REBALANCE
39.78,27,0.0,75.4910909090909,0.66,75.4910909090909,0.66,SATISFIED,REBALANCE
39.78,28,0.0,28.55842021276596,0.94,28.55842021276596,0.94,SATISFIED,REBALANCE
39.78,30,0.0,63.11866987179487,0.78,63.11866987179487,0.78,SATISFIED,REBALANCE
40.19,46,4.0,0.0,inf,45.740575,0.8,UNSATISFIED,START
40.57,47,4.0,0.0,inf,37.59311666666667,0.9,UNSATISFIED,START
41.3,48,4.0,0.0,inf,46.036514534883715,0.86,UNSATISFIED,START
42.06,32,1.0,61.71964393939393,0.66,,0.66,SATISFIED,TERMINATE
42.06,2,1.0,56.959836538461545,0.78,56.959836538461545,0.78,SATISFIED,REBALANCE
42.06,8,1.0,38.89821538461538,0.65,38.89821538461538,0.65,SATISFIED,REBALANCE
42.06,31,1.0,44.79699411764706,0.8499999999999999,44.79699411764706,0.85,SATISFIED,REBALANCE
42.09,49,1.0,0.0,inf,29.937072222222227,0.9,UNSATISFIED,START
42.3,50,1.0,0.0,inf,83.6607966101695,0.59,UNSATISFIED,START
43.01,31,1.0,64.57864543740573,0.5896290444324571,,0.85,SATISFIED,TERMINATE
43.01,2,1.0,56.959836538461545,0.78,56.959836538461545,0.78,SATISFIED,REBALANCE
43.01,8,1.0,38.89821538461538,0.65,38.89821538461538,0.65,SATISFIED,REBALANCE
43.01,49,1.0,29.937072222222227,0.9,29.937072222222227,0.9,SATISFIED,REBALANCE
43.01,50,1.0,83.6607966101695,0.59,83.6607966101695,0.59,SATISFIED,REBALANCE
43.39,40,3.0,53.582733516483515,0.9099999999999999,,0.91,SATISFIED,TERMINATE
43.39,4,3.0,46.240974025974026,0.77,46.240974025974026,0.77,SATISFIED,REBALANCE
43.39,7,3.0,57.4086576923077,0.65,57.4086576923077,0.65,SATISFIED,REBALANCE
43.39,13,3.0,67.59058606557377,0.61,67.59058606557377,0.61,SATISFIED,REBALANCE
43.39,17,3.0,52.87963846153846,0.65,52.87963846153846,0.65,SATISFIED,REBALANCE
43.39,35,3.0,107.07619078947369,0.38,107.07619078947369,0.38,SATISFIED,REBALANCE
43.39,37,3.0,54.630977011494245,0.87,54.630977011494245,0.87,SATISFIED,REBALANCE
43.39,38,3.0,63.746731707317075,0.41,63.746731707317075,0.41,SATISFIED,REBALANCE
43.39,39,3.0,52.4984918032787,0.61,52.4984918032787,0.61,SATISFIED,REBALANCE
43.39,41,3.0,87.51221296296296,0.54,87.51221296296296,0.54,SATISFIED,REBALANCE
43.43,13,3.0,67.59058606557377,0.61,,0.61,SATISFIED,TERMINATE
43.43,4,3.0,46.240974025974026,0.77,46.240974025974026,0.77,SATISFIED,REBALANCE
43.43,7,3.0,57.4086576923077,0.65,57.4086576923077,0.65,SATISFIED,REBALANCE
43.43,17,3.0,52.87963846153846,0.65,52.87963846153846,0.65,SATISFIED,REBALANCE
43.43,35,3.0,107.07619078947369,0.38,107.07619078947369,0.38,SATISFIED,REBALANCE
43.43,37,3.0,54.630977011494245,0.87,54.630977011494245,0.87,SATISFIED,REBALANCE
43.43,38,3.0,63.746731707317075,0.41,63.746731707317075,0.41,SATISFIED,REBALANCE
43.43,39,3.0,52.4984918032787,0.61,52.4984918032787,0.61,SATISFIED,REBALANCE
43.43,41,3.0,87.51221296296296,0.54,87.51221296296296,0.54,SATISFIED,REBALANCE
44.34,18,2.0,52.69311885245902,0.61,,0.61,SATISFIED,TERMINATE
44.34,3,2.0,79.51041836734696,0.48999999999999994,79.51041836734696,0.49,SATISFIED,REBALANCE
44.34,15,2.0,53.49218918918919,0.74,53.49218918918919,0.74,SATISFIED,REBALANCE
44.34,34,2.0,68.61042924528302,0.53,68.61042924528302,0.53,SATISFIED,REBALANCE
44.86,7,3.0,57.4086576923077,0.65,,0.65,SATISFIED,TERMINATE
44.86,4,3.0,46.240974025974026,0.77,46.240974025974026,0.77,SATISFIED,REBALANCE
44.86,17,3.0,52.87963846153846,0.65,52.87963846153846,0.65,SATISFIED,REBALANCE
44.86,35,3.0,107.07619078947369,0.38,107.07619078947369,0.38,SATISFIED,REBALANCE
44.86,37,3.0,54.630977011494245,0.87,54.630977011494245,0.87,SATISFIED,REBALANCE
44.86,38,3.0,63.746731707317075,0.41,63.746731707317075,0.41,SATISFIED,REBALANCE
44.86,39,3.0,52.4984918032787,0.61,52.4984918032787,0.61,SATISFIED,REBALANCE
44.86,41,3.0,87.51221296296296,0.54,87.51221296296296,0.54,SATISFIED,REBALANCE
44.88,26,0.0,62.610700819672125,0.61,,0.61,SATISFIED,TERMINATE
44.88,1,0.0,39.25727173913044,0.69,39.25727173913044,0.69,SATISFIED,REBALANCE
44.88,6,0.0,44.80635080645161,0.62,44.80635080645161,0.62,SATISFIED,REBALANCE
44.88,22,0.0,30.48658132530121,0.83,30.48658132530121,0.83,SATISFIED,REBALANCE
44.88,24,0.0,34.77199666666667,0.75,34.77199666666667,0.75,SATISFIED,REBALANCE
44.88,25,0.0,57.65680182926829,0.82,57.65680182926829,0.82,SATISFIED,REBALANCE
44.88,27,0.0,75.4910909090909,0.66,75.4910909090909,0.66,SATISFIED,REBALANCE
44.88,28,0.0,28.55842021276596,0.94,28.55842021276596,0.94,SATISFIED,REBALANCE
44.88,30,0.0,63.11866987179487,0.78,63.11866987179487,0.78,SATISFIED,REBALANCE
45.79,51,4.0,0.0,inf,90.28230454545454,0.55,UNSATISFIED,START
47.28,52,4.0,0.0,inf,49.945932352941185,0.85,UNSATISFIED,START
48.67,39,3.0,52.4984918032787,0.61,,0.61,SATISFIED,TERMINATE
48.67,4,3.0,46.240974025974026,0.77,46.240974025974026,0.77,SATISFIED,REBALANCE
48.67,17,3.0,52.87963846153846,0.65,52.87963846153846,0.65,SATISFIED,REBALANCE
48.67,35,3.0,107.07619078947369,0.38,107.07619078947369,0.38,SATISFIED,REBALANCE
48.67,37,3.0,54.630977011494245,0.87,54.630977011494245,0.87,SATISFIED,REBALANCE
48.67,38,3.0,63.746731707317075,0.41,63.746731707317075,0.41,SATISFIED,REBALANCE
48.67,41,3.0,87.51221296296296,0.54,87.51221296296296,0.54,SATISFIED,REBALANCE
50.05,37,3.0,54.630977011494245,0.87,,0.87,SATISFIED,TERMINATE
50.05,4,3.0,46.240974025974026,0.77,46.240974025974026,0.77,SATISFIED,REBALANCE
50.05,17,3.0,52.87963846153846,0.65,52.87963846153846,0.65,SATISFIED,REBALANCE
50.05,35,3.0,107.07619078947369,0.38,107.07619078947369,0.38,SATISFIED,REBALANCE
50.05,38,3.0,63.746731707317075,0.41,63.746731707317075,0.41,SATISFIED,REBALANCE
50.05,41,3.0,87.51221296296296,0.54,87.51221296296296,0.54,SATISFIED,REBALANCE
50.09,53,4.0,0.0,inf,45.717154761904766,0.84,UNSATISFIED,START
50.27,43,4.0,0.0,inf,,0.64,UNSATISFIED,TERMINATE
50.27,9,4.0,50.995159722222226,0.72,50.995159722222226,0.72,SATISFIED,REBALANCE
50.27,14,4.0,61.48045422535211,0.71,61.48045422535211,0.71,SATISFIED,REBALANCE
50.27,42,4.0,42.813435294117646,0.85,42.813435294117646,0.85,SATISFIED,REBALANCE
50.27,44,4.0,65.17251020408163,0.49,65.17251020408163,0.49,SATISFIED,REBALANCE
50.27,45,4.0,42.432900000000004,0.6999999999999998,42.432900000000004,0.7,SATISFIED,REBALANCE
50.27,46,4.0,45.740575,0.8,45.740575,0.8,SATISFIED,REBALANCE
50.27,47,4.0,37.59311666666667,0.8999999999999999,37.59311666666667,0.9,SATISFIED,REBALANCE
50.27,48,4.0,46.036514534883715,0.86,46.036514534883715,0.86,SATISFIED,REBALANCE
50.27,51,4.0,90.28230454545454,0.55,90.28230454545454,0.55,SATISFIED,REBALANCE
50.27,52,4.0,49.945932352941185,0.85,49.945932352941185,0.85,SATISFIED,REBALANCE
50.27,53,4.0,45.717154761904766,0.84,45.717154761904766,0.84,SATISFIED,REBALANCE
52.01,52,4.0,49.945932352941185,0.85,,0.85,SATISFIED,TERMINATE
52.01,9,4.0,50.995159722222226,0.72,50.995159722222226,0.72,SATISFIED,REBALANCE
52.01,14,4.0,61.48045422535211,0.71,61.48045422535211,0.71,SATISFIED,REBALANCE
52.01,42,4.0,42.813435294117646,0.85,42.813435294117646,0.85,SATISFIED,REBALANCE
52.01,44,4.0,65.17251020408163,0.49,65.17251020408163,0.49,SATISFIED,REBALANCE
52.01,45,4.0,42.432900000000004,0.6999999999999998,42.432900000000004,0.7,SATISFIED,REBALANCE
52.01,46,4.0,45.740575,0.8,45.740575,0.8,SATISFIED,REBALANCE
52.01,47,4.0,37.59311666666667,0.8999999999999999,37.59311666666667,0.9,SATISFIED,REBALANCE
52.01,48,4.0,46.036514534883715,0.86,46.036514534883715,0.86,SATISFIED,REBALANCE
52.01,51,4.0,90.28230454545454,0.55,90.28230454545454,0.55,SATISFIED,REBALANCE
52.01,53,4.0,45.717154761904766,0.84,45.717154761904766,0.84,SATISFIED,REBALANCE
52.33,17,3.0,52.87963846153846,0.65,,0.65,SATISFIED,TERMINATE
52.33,4,3.0,46.240974025974026,0.77,46.240974025974026,0.77,SATISFIED,REBALANCE
52.33,35,3.0,107.07619078947369,0.38,107.07619078947369,0.38,SATISFIED,REBALANCE
52.33,38,3.0,63.746731707317075,0.41,63.746731707317075,0.41,SATISFIED,REBALANCE
52.33,41,3.0,87.51221296296296,0.54,87.51221296296296,0.54,SATISFIED,REBALANCE
52.34,54,2.0,0.0,inf,35.58498913043478,0.92,UNSATISFIED,START
53.25,55,2.0,0.0,inf,63.86602112676057,0.71,UNSATISFIED,START
53.65,2,1.0,56.959836538461545,0.78,,0.78,SATISFIED,TERMINATE
53.65,8,1.0,38.89821538461538,0.65,38.89821538461538,0.65,SATISFIED,REBALANCE
53.65,49,1.0,29.937072222222227,0.9,29.937072222222227,0.9,SATISFIED,REBALANCE
53.65,50,1.0,83.6607966101695,0.59,83.6607966101695,0.59,SATISFIED,REBALANCE
53.76,46,4.0,45.740575,0.8,,0.8,SATISFIED,TERMINATE
53.76,9,4.0,50.995159722222226,0.72,50.995159722222226,0.72,SATISFIED,REBALANCE
53.76,14,4.0,61.48045422535211,0.71,61.48045422535211,0.71,SATISFIED,REBALANCE
53.76,42,4.0,42.813435294117646,0.85,42.813435294117646,0.85,SATISFIED,REBALANCE
53.76,44,4.0,65.17251020408163,0.49,65.17251020408163,0.49,SATISFIED,REBALANCE
53.76,45,4.0,42.432900000000004,0.6999999999999998,42.432900000000004,0.7,SATISFIED,REBALANCE
53.76,47,4.0,37.59311666666667,0.8999999999999999,37.59311666666667,0.9,SATISFIED,REBALANCE
53.76,48,4.0,46.036514534883715,0.86,46.036514534883715,0.86,SATISFIED,REBALANCE
53.76,51,4.0,90.28230454545454,0.55,90.28230454545454,0.55,SATISFIED,REBALANCE
53.76,53,4.0,45.717154761904766,0.84,45.717154761904766,0.84,SATISFIED,REBALANCE
55.8,56,1.0,0.0,inf,58.49761111111111,0.72,UNSATISFIED,START
55.89,57,1.0,0.0,inf,38.75389666666667,0.75,UNSATISFIED,START
56.11,58,1.0,0.0,inf,82.36755172413794,0.58,UNSATISFIED,START
56.16,59,1.0,0.0,inf,60.75124,0.75,UNSATISFIED,START
56.55,60,1.0,0.0,inf,58.029758928571425,0.84,UNSATISFIED,START
56.71,24,0.0,34.77199666666667,0.75,,0.75,SATISFIED,TERMINATE
56.71,1,0.0,39.25727173913044,0.69,39.25727173913044,0.69,SATISFIED,REBALANCE
56.71,6,0.0,44.80635080645161,0.62,44.80635080645161,0.62,SATISFIED,REBALANCE
56.71,22,0.0,30.48658132530121,0.83,30.48658132530121,0.83,SATISFIED,REBALANCE
56.71,25,0.0,57.65680182926829,0.82,57.65680182926829,0.82,SATISFIED,REBALANCE
56.71,27,0.0,75.4910909090909,0.66,75.4910909090909,0.66,SATISFIED,REBALANCE
56.71,28,0.0,28.55842021276596,0.94,28.55842021276596,0.94,SATISFIED,REBALANCE
56.71,30,0.0,63.11866987179487,0.78,63.11866987179487,0.78,SATISFIED,REBALANCE
56.99,59,1.0,0.0,inf,,0.75,UNSATISFIED,TERMINATE
56.99,8,1.0,38.89821538461538,0.65,38.89821538461538,0.65,SATISFIED,REBALANCE
56.99,49,1.0,29.937072222222227,0.9,29.937072222222227,0.9,SATISFIED,REBALANCE
56.99,50,1.0,83.6607966101695,0.59,83.6607966101695,0.59,SATISFIED,REBALANCE
56.99,56,1.0,58.49761111111111,0.72,58.49761111111111,0.72,SATISFIED,REBALANCE
56.99,57,1.0,38.75389666666667,0.75,38.75389666666667,0.75,SATISFIED,REBALANCE
56.99,58,1.0,82.36755172413794,0.58,82.36755172413794,0.58,SATISFIED,REBALANCE
56.99,60,1.0,58.029758928571425,0.84,58.029758928571425,0.84,SATISFIED,REBALANCE
57.04,61,2.0,0.0,inf,81.40186320754718,0.53,UNSATISFIED,START
57.36,62,2.0,0.0,inf,52.38361038961039,0.77,UNSATISFIED,START
57.88,56,1.0,58.49761111111111,0.72,,0.72,SATISFIED,TERMINATE
57.88,8,1.0,38.89821538461538,0.65,38.89821538461538,0.65,SATISFIED,REBALANCE
57.88,49,1.0,29.937072222222227,0.9,29.937072222222227,0.9,SATISFIED,REBALANCE
57.88,50,1.0,83.6607966101695,0.59,83.6607966101695,0.59,SATISFIED,REBALANCE
57.88,57,1.0,38.75389666666667,0.75,38.75389666666667,0.75,SATISFIED,REBALANCE
57.88,58,1.0,82.36755172413794,0.58,82.36755172413794,0.58,SATISFIED,REBALANCE
57.88,60,1.0,58.029758928571425,0.84,58.029758928571425,0.84,SATISFIED,REBALANCE
58.56,30,0.0,63.11866987179487,0.78,,0.78,SATISFIED,TERMINATE
58.56,1,0.0,39.25727173913044,0.69,39.25727173913044,0.69,SATISFIED,REBALANCE
58.56,6,0.0,44.80635080645161,0.62,44.80635080645161,0.62,SATISFIED,REBALANCE
58.56,22,0.0,30.48658132530121,0.83,30.48658132530121,0.83,SATISFIED,REBALANCE
58.56,25,0.0,57.65680182926829,0.82,57.65680182926829,0.82,SATISFIED,REBALANCE
58.56,27,0.0,75.4910909090909,0.66,75.4910909090909,0.66,SATISFIED,REBALANCE
58.56,28,0.0,28.55842021276596,0.94,28.55842021276596,0.94,SATISFIED,REBALANCE
59.12,63,2.0,0.0,inf,44.88110759493671,0.79,UNSATISFIED,START
59.57,64,2.0,0.0,inf,105.03959239130435,0.46,UNSATISFIED,START
59.89,65,2.0,0.0,inf,54.24604360465116,0.86,UNSATISFIED,START
60.68,66,2.0,0.0,inf,46.66154910714285,0.56,UNSATISFIED,START
60.83,67,2.0,0.0,inf,37.18721014492754,0.69,UNSATISFIED,START
62.45,68,2.0,0.0,inf,50.60527205882353,0.68,UNSATISFIED,START
62.53,69,2.0,0.0,inf,56.579790624999994,0.8,UNSATISFIED,START
63.57,55,2.0,0.0,inf,,0.71,UNSATISFIED,TERMINATE
63.57,3,2.0,79.51041836734696,0.48999999999999994,79.51041836734696,0.49,SATISFIED,REBALANCE
63.57,15,2.0,53.49218918918919,0.74,53.49218918918919,0.74,SATISFIED,REBALANCE
63.57,34,2.0,68.61042924528302,0.53,68.61042924528302,0.53,SATISFIED,REBALANCE
63.57,54,2.0,35.58498913043478,0.92,35.58498913043478,0.92,SATISFIED,REBALANCE
63.57,61,2.0,81.40186320754718,0.53,81.40186320754718,0.53,SATISFIED,REBALANCE
63.57,62,2.0,52.38361038961039,0.77,52.38361038961039,0.77,SATISFIED,REBALANCE
63.57,63,2.0,44.88110759493671,0.79,44.88110759493671,0.79,SATISFIED,REBALANCE
63.57,64,2.0,105.03959239130435,0.45999999999999996,105.03959239130435,0.46,SATISFIED,REBALANCE
63.57,65,2.0,54.24604360465116,0.86,54.24604360465116,0.86,SATISFIED,REBALANCE
63.57,66,2.0,46.66154910714285,0.56,46.66154910714285,0.56,SATISFIED,REBALANCE
63.57,67,2.0,37.18721014492754,0.69,37.18721014492754,0.69,SATISFIED,REBALANCE
63.57,68,2.0,50.60527205882353,0.68,50.60527205882353,0.68,SATISFIED,REBALANCE
63.57,69,2.0,56.579790624999994,0.8,56.579790624999994,0.8,SATISFIED,REBALANCE
64.23,48,4.0,46.036514534883715,0.86,,0.86,SATISFIED,TERMINATE
64.23,9,4.0,50.995159722222226,0.72,50.995159722222226,0.72,SATISFIED,REBALANCE
64.23,14,4.0,61.48045422535211,0.71,61.48045422535211,0.71,SATISFIED,REBALANCE
64.23,42,4.0,42.813435294117646,0.85,42.813435294117646,0.85,SATISFIED,REBALANCE
64.23,44,4.0,65.17251020408163,0.49,65.17251020408163,0.49,SATISFIED,REBALANCE
64.23,45,4.0,42.432900000000004,0.6999999999999998,42.432900000000004,0.7,SATISFIED,REBALANCE
64.23,47,4.0,37.59311666666667,0.8999999999999999,37.59311666666667,0.9,SATISFIED,REBALANCE
64.23,51,4.0,90.28230454545454,0.55,90.28230454545454,0.55,SATISFIED,REBALANCE
64.23,53,4.0,45.717154761904766,0.84,45.717154761904766,0.84,SATISFIED,REBALANCE
66.63,35,3.0,107.07619078947369,0.38,,0.38,SATISFIED,TERMINATE
66.63,4,3.0,46.240974025974026,0.77,46.240974025974026,0.77,SATISFIED,REBALANCE
66.63,38,3.0,63.746731707317075,0.41,63.746731707317075,0.41,SATISFIED,REBALANCE
66.63,41,3.0,87.51221296296296,0.54,87.51221296296296,0.54,SATISFIED,REBALANCE
66.86,70,3.0,0.0,inf,92.00352314814815,0.54,UNSATISFIED,START
68.23,67,2.0,37.18721014492754,0.69,,0.69,SATISFIED,TERMINATE
68.23,3,2.0,79.51041836734696,0.48999999999999994,79.51041836734696,0.49,SATISFIED,REBALANCE
68.23,15,2.0,53.49218918918919,0.74,53.49218918918919,0.74,SATISFIED,REBALANCE
68.23,34,2.0,68.61042924528302,0.53,68.61042924528302,0.53,SATISFIED,REBALANCE
68.23,54,2.0,35.58498913043478,0.92,35.58498913043478,0.92,SATISFIED,REBALANCE
68.23,61,2.0,81.40186320754718,0.53,81.40186320754718,0.53,SATISFIED,REBALANCE
68.23,62,2.0,52.38361038961039,0.77,52.38361038961039,0.77,SATISFIED,REBALANCE
68.23,63,2.0,44.88110759493671,0.79,44.88110759493671,0.79,SATISFIED,REBALANCE
68.23,64,2.0,105.03959239130435,0.45999999999999996,105.03959239130435,0.46,SATISFIED,REBALANCE
68.23,65,2.0,54.24604360465116,0.86,54.24604360465116,0.86,SATISFIED,REBALANCE
68.23,66,2.0,46.66154910714285,0.56,46.66154910714285,0.56,SATISFIED,REBALANCE
68.23,68,2.0,50.60527205882353,0.68,50.60527205882353,0.68,SATISFIED,REBALANCE
68.23,69,2.0,56.579790624999994,0.8,56.579790624999994,0.8,SATISFIED,REBALANCE
68.34,71,3.0,0.0,inf,59.917546875000006,0.48,UNSATISFIED,START
68.55,69,2.0,56.579790624999994,0.8,,0.8,SATISFIED,TERMINATE
68.55,3,2.0,79.51041836734696,0.48999999999999994,79.51041836734696,0.49,SATISFIED,REBALANCE
68.55,15,2.0,53.49218918918919,0.74,53.49218918918919,0.74,SATISFIED,REBALANCE
68.55,34,2.0,68.61042924528302,0.53,68.61042924528302,0.53,SATISFIED,REBALANCE
68.55,54,2.0,35.58498913043478,0.92,35.58498913043478,0.92,SATISFIED,REBALANCE
68.55,61,2.0,81.40186320754718,0.53,81.40186320754718,0.53,SATISFIED,REBALANCE
68.55,62,2.0,52.38361038961039,0.77,52.38361038961039,0.77,SATISFIED,REBALANCE
68.55,63,2.0,44.88110759493671,0.79,44.88110759493671,0.79,SATISFIED,REBALANCE
68.55,64,2.0,105.03959239130435,0.45999999999999996,105.03959239130435,0.46,SATISFIED,REBALANCE
68.55,65,2.0,54.24604360465116,0.86,54.24604360465116,0.86,SATISFIED,REBALANCE
68.55,66,2.0,46.66154910714285,0.56,46.66154910714285,0.56,SATISFIED,REBALANCE
68.55,68,2.0,50.60527205882353,0.68,50.60527205882353,0.68,SATISFIED,REBALANCE
68.56,72,3.0,0.0,inf,44.28140833333333,0.9,UNSATISFIED,START
68.57,73,3.0,0.0,inf,78.45971022727272,0.44,UNSATISFIED,START
68.7,63,2.0,44.88110759493671,0.79,,0.79,SATISFIED,TERMINATE
68.7,3,2.0,79.51041836734696,0.48999999999999994,79.51041836734696,0.49,SATISFIED,REBALANCE
68.7,15,2.0,53.49218918918919,0.74,53.49218918918919,0.74,SATISFIED,REBALANCE
68.7,34,2.0,68.61042924528302,0.53,68.61042924528302,0.53,SATISFIED,REBALANCE
68.7,54,2.0,35.58498913043478,0.92,35.58498913043478,0.92,SATISFIED,REBALANCE
68.7,61,2.0,81.40186320754718,0.53,81.40186320754718,0.53,SATISFIED,REBALANCE
68.7,62,2.0,52.38361038961039,0.77,52.38361038961039,0.77,SATISFIED,REBALANCE
68.7,64,2.0,105.03959239130435,0.45999999999999996,105.03959239130435,0.46,SATISFIED,REBALANCE
68.7,65,2.0,54.24604360465116,0.86,54.24604360465116,0.86,SATISFIED,REBALANCE
68.7,66,2.0,46.66154910714285,0.56,46.66154910714285,0.56,SATISFIED,REBALANCE
68.7,68,2.0,50.60527205882353,0.68,50.60527205882353,0.68,SATISFIED,REBALANCE
69.3,41,3.0,88.34557339754494,0.5349062005331128,,0.54,SATISFIED,TERMINATE
69.3,4,3.0,46.240974025974026,0.77,46.240974025974026,0.77,SATISFIED,REBALANCE
69.3,38,3.0,63.746731707317075,0.41,63.746731707317075,0.41,SATISFIED,REBALANCE
69.3,70,3.0,92.00352314814815,0.54,92.00352314814815,0.54,SATISFIED,REBALANCE
69.3,71,3.0,59.917546875000006,0.48,59.917546875000006,0.48,SATISFIED,REBALANCE
69.3,72,3.0,44.28140833333333,0.9,44.28140833333333,0.9,SATISFIED,REBALANCE
69.3,73,3.0,78.45971022727272,0.44,78.45971022727272,0.44,SATISFIED,REBALANCE
69.88,61,2.0,81.40186320754718,0.53,,0.53,SATISFIED,TERMINATE
69.88,3,2.0,79.51041836734696,0.48999999999999994,79.51041836734696,0.49,SATISFIED,REBALANCE
69.88,15,2.0,53.49218918918919,0.74,53.49218918918919,0.74,SATISFIED,REBALANCE
69.88,34,2.0,68.61042924528302,0.53,68.61042924528302,0.53,SATISFIED,REBALANCE
69.88,54,2.0,35.58498913043478,0.92,35.58498913043478,0.92,SATISFIED,REBALANCE
69.88,62,2.0,52.38361038961039,0.77,52.38361038961039,0.77,SATISFIED,REBALANCE
69.88,64,2.0,105.03959239130435,0.45999999999999996,105.03959239130435,0.46,SATISFIED,REBALANCE
69.88,65,2.0,54.24604360465116,0.86,54.24604360465116,0.86,SATISFIED,REBALANCE
69.88,66,2.0,46.66154910714285,0.56,46.66154910714285,0.56,SATISFIED,REBALANCE
69.88,68,2.0,50.60527205882353,0.68,50.60527205882353,0.68,SATISFIED,REBALANCE
70.26,74,0.0,0.0,inf,78.17120634920636,0.63,UNSATISFIED,START
71.48,75,0.0,0.0,inf,61.40396333333334,0.75,UNSATISFIED,START
71.68,54,2.0,35.58498913043478,0.92,,0.92,SATISFIED,TERMINATE
71.68,3,2.0,79.51041836734696,0.48999999999999994,79.51041836734696,0.49,SATISFIED,REBALANCE
71.68,15,2.0,53.49218918918919,0.74,53.49218918918919,0.74,SATISFIED,REBALANCE
71.68,34,2.0,68.61042924528302,0.53,68.61042924528302,0.53,SATISFIED,REBALANCE
71.68,62,2.0,52.38361038961039,0.77,52.38361038961039,0.77,SATISFIED,REBALANCE
71.68,64,2.0,105.03959239130435,0.45999999999999996,105.03959239130435,0.46,SATISFIED,REBALANCE
71.68,65,2.0,54.24604360465116,0.86,54.24604360465116,0.86,SATISFIED,REBALANCE
71.68,66,2.0,46.66154910714285,0.56,46.66154910714285,0.56,SATISFIED,REBALANCE
71.68,68,2.0,50.60527205882353,0.68,50.60527205882353,0.68,SATISFIED,REBALANCE
72.79,76,0.0,0.0,inf,62.10569932432432,0.74,UNSATISFIED,START
74.27,77,0.0,0.0,inf,51.71454929577465,0.71,UNSATISFIED,START
74.34,78,0.0,0.0,inf,47.79795608108108,0.74,UNSATISFIED,START
74.79,79,0.0,0.0,inf,46.13793840579711,0.69,UNSATISFIED,START
74.91,80,0.0,0.0,inf,40.62982692307693,0.65,UNSATISFIED,START
75.36,34,2.0,68.61042924528302,0.53,,0.53,SATISFIED,TERMINATE
75.36,3,2.0,79.51041836734696,0.48999999999999994,79.51041836734696,0.49,SATISFIED,REBALANCE
75.36,15,2.0,53.49218918918919,0.74,53.49218918918919,0.74,SATISFIED,REBALANCE
75.36,62,2.0,52.38361038961039,0.77,52.38361038961039,0.77,SATISFIED,REBALANCE
75.36,64,2.0,105.03959239130435,0.45999999999999996,105.03959239130435,0.46,SATISFIED,REBALANCE
75.36,65,2.0,54.24604360465116,0.86,54.24604360465116,0.86,SATISFIED,REBALANCE
75.36,66,2.0,46.66154910714285,0.56,46.66154910714285,0.56,SATISFIED,REBALANCE
75.36,68,2.0,50.60527205882353,0.68,50.60527205882353,0.68,SATISFIED,REBALANCE
76.9,81,0.0,0.0,inf,63.86035616438356,0.73,UNSATISFIED,START
77.87,82,0.0,0.0,inf,60.43003333333334,0.75,UNSATISFIED,START
78.28,83,0.0,0.0,inf,68.48348287671233,0.73,UNSATISFIED,START
78.34,84,0.0,0.0,inf,57.374620689655174,0.87,UNSATISFIED,START
78.71,85,0.0,0.0,inf,53.26820890410959,0.73,UNSATISFIED,START
79.11,86,0.0,0.0,inf,88.44937,0.5,UNSATISFIED,START
79.23,78,0.0,0.0,inf,,0.74,UNSATISFIED,TERMINATE
79.23,1,0.0,39.25727173913044,0.69,39.25727173913044,0.69,SATISFIED,REBALANCE
79.23,6,0.0,44.80635080645161,0.62,44.80635080645161,0.62,SATISFIED,REBALANCE
79.23,22,0.0,30.48658132530121,0.83,30.48658132530121,0.83,SATISFIED,REBALANCE
79.23,25,0.0,57.65680182926829,0.82,57.65680182926829,0.82,SATISFIED,REBALANCE
79.23,27,0.0,75.4910909090909,0.66,75.4910909090909,0.66,SATISFIED,REBALANCE
79.23,28,0.0,28.55842021276596,0.94,28.55842021276596,0.94,SATISFIED,REBALANCE
79.23,74,0.0,78.17120634920636,0.63,78.17120634920636,0.63,SATISFIED,REBALANCE
79.23,75,0.0,61.40396333333334,0.75,61.40396333333334,0.75,SATISFIED,REBALANCE
79.23,76,0.0,62.10569932432432,0.74,62.10569932432432,0.74,SATISFIED,REBALANCE
79.23,77,0.0,51.71454929577465,0.71,51.71454929577465,0.71,SATISFIED,REBALANCE
79.23,79,0.0,46.13793840579711,0.69,46.13793840579711,0.69,SATISFIED,REBALANCE
79.23,80,0.0,40.62982692307693,0.65,40.62982692307693,0.65,SATISFIED,REBALANCE
79.23,81,0.0,63.86035616438356,0.73,63.86035616438356,0.73,SATISFIED,REBALANCE
79.23,82,0.0,60.43003333333334,0.75,60.43003333333334,0.75,SATISFIED,REBALANCE
79.23,83,0.0,68.48348287671233,0.73,68.48348287671233,0.73,SATISFIED,REBALANCE
79.23,84,0.0,57.374620689655174,0.87,57.374620689655174,0.87,SATISFIED,REBALANCE
79.23,85,0.0,53.26820890410959,0.73,53.26820890410959,0.73,SATISFIED,REBALANCE
79.23,86,0.0,88.44937,0.5,88.44937,0.5,SATISFIED,REBALANCE
80.42,87,1.0,0.0,inf,85.29674122807019,0.57,UNSATISFIED,START
81.43,88,1.0,0.0,inf,121.68732894736843,0.38,UNSATISFIED,START
81.45,25,0.0,57.65680182926829,0.82,,0.82,SATISFIED,TERMINATE
81.45,1,0.0,39.25727173913044,0.69,39.25727173913044,0.69,SATISFIED,REBALANCE
81.45,6,0.0,44.80635080645161,0.62,44.80635080645161,0.62,SATISFIED,REBALANCE
81.45,22,0.0,30.48658132530121,0.83,30.48658132530121,0.83,SATISFIED,REBALANCE
81.45,27,0.0,75.4910909090909,0.66,75.4910909090909,0.66,SATISFIED,REBALANCE
81.45,28,0.0,28.55842021276596,0.94,28.55842021276596,0.94,SATISFIED,REBALANCE
81.45,74,0.0,78.17120634920636,0.63,78.17120634920636,0.63,SATISFIED,REBALANCE
81.45,75,0.0,61.40396333333334,0.75,61.40396333333334,0.75,SATISFIED,REBALANCE
81.45,76,0.0,62.10569932432432,0.74,62.10569932432432,0.74,SATISFIED,REBALANCE
81.45,77,0.0,51.71454929577465,0.71,51.71454929577465,0.71,SATISFIED,REBALANCE
81.45,79,0.0,46.13793840579711,0.69,46.13793840579711,0.69,SATISFIED,REBALANCE
81.45,80,0.0,40.62982692307693,0.65,40.62982692307693,0.65,SATISFIED,REBALANCE
81.45,81,0.0,63.86035616438356,0.73,63.86035616438356,0.73,SATISFIED,REBALANCE
81.45,82,0.0,60.43003333333334,0.75,60.43003333333334,0.75,SATISFIED,REBALANCE
81.45,83,0.0,68.48348287671233,0.73,68.48348287671233,0.73,SATISFIED,REBALANCE
81.45,84,0.0,57.374620689655174,0.87,57.374620689655174,0.87,SATISFIED,REBALANCE
81.45,85,0.0,53.26820890410959,0.73,53.26820890410959,0.73,SATISFIED,REBALANCE
81.45,86,0.0,88.44937,0.5,88.44937,0.5,SATISFIED,REBALANCE
83.01,1,0.0,39.25727173913044,0.69,,0.69,SATISFIED,TERMINATE
83.01,6,0.0,44.80635080645161,0.62,44.80635080645161,0.62,SATISFIED,REBALANCE
83.01,22,0.0,30.48658132530121,0.83,30.48658132530121,0.83,SATISFIED,REBALANCE
83.01,27,0.0,75.4910909090909,0.66,75.4910909090909,0.66,SATISFIED,REBALANCE
83.01,28,0.0,28.55842021276596,0.94,28.55842021276596,0.94,SATISFIED,REBALANCE
83.01,74,0.0,78.17120634920636,0.63,78.17120634920636,0.63,SATISFIED,REBALANCE
83.01,75,0.0,61.40396333333334,0.75,61.40396333333334,0.75,SATISFIED,REBALANCE
83.01,76,0.0,62.10569932432432,0.74,62.10569932432432,0.74,SATISFIED,REBALANCE
83.01,77,0.0,51.71454929577465,0.71,51.71454929577465,0.71,SATISFIED,REBALANCE
83.01,79,0.0,46.13793840579711,0.69,46.13793840579711,0.69,SATISFIED,REBALANCE
83.01,80,0.0,40.62982692307693,0.65,40.62982692307693,0.65,SATISFIED,REBALANCE
83.01,81,0.0,63.86035616438356,0.73,63.86035616438356,0.73,SATISFIED,REBALANCE
83.01,82,0.0,60.43003333333334,0.75,60.43003333333334,0.75,SATISFIED,REBALANCE
83.01,83,0.0,68.48348287671233,0.73,68.48348287671233,0.73,SATISFIED,REBALANCE
83.01,84,0.0,57.374620689655174,0.87,57.374620689655174,0.87,SATISFIED,REBALANCE
83.01,85,0.0,53.26820890410959,0.73,53.26820890410959,0.73,SATISFIED,REBALANCE
83.01,86,0.0,88.44937,0.5,88.44937,0.5,SATISFIED,REBALANCE
83.31,68,2.0,50.60527205882353,0.68,,0.68,SATISFIED,TERMINATE
83.31,3,2.0,79.51041836734696,0.48999999999999994,79.51041836734696,0.49,SATISFIED,REBALANCE
83.31,15,2.0,53.49218918918919,0.74,53.49218918918919,0.74,SATISFIED,REBALANCE
83.31,62,2.0,52.38361038961039,0.77,52.38361038961039,0.77,SATISFIED,REBALANCE
83.31,64,2.0,105.03959239130435,0.45999999999999996,105.03959239130435,0.46,SATISFIED,REBALANCE
83.31,65,2.0,54.24604360465116,0.86,54.24604360465116,0.86,SATISFIED,REBALANCE
83.31,66,2.0,46.66154910714285,0.56,46.66154910714285,0.56,SATISFIED,REBALANCE
83.48,72,3.0,44.28140833333333,0.9,,0.9,SATISFIED,TERMINATE
83.48,4,3.0,46.240974025974026,0.77,46.240974025974026,0.77,SATISFIED,REBALANCE
83.48,38,3.0,63.746731707317075,0.41,63.746731707317075,0.41,SATISFIED,REBALANCE
83.48,70,3.0,92.00352314814815,0.54,92.00352314814815,0.54,SATISFIED,REBALANCE
83.48,71,3.0,59.917546875000006,0.48,59.917546875000006,0.48,SATISFIED,REBALANCE
83.48,73,3.0,78.45971022727272,0.44,78.45971022727272,0.44,SATISFIED,REBALANCE
83.61,89,1.0,0.0,inf,38.49839814814815,0.81,UNSATISFIED,START
84.16,51,4.0,90.28230454545454,0.55,,0.55,SATISFIED,TERMINATE
84.16,9,4.0,50.995159722222226,0.72,50.995159722222226,0.72,SATISFIED,REBALANCE
84.16,14,4.0,61.48045422535211,0.71,61.48045422535211,0.71,SATISFIED,REBALANCE
84.16,42,4.0,42.813435294117646,0.85,42.813435294117646,0.85,SATISFIED,REBALANCE
84.16,44,4.0,65.17251020408163,0.49,65.17251020408163,0.49,SATISFIED,REBALANCE
84.16,45,4.0,42.432900000000004,0.6999999999999998,42.432900000000004,0.7,SATISFIED,REBALANCE
84.16,47,4.0,37.59311666666667,0.8999999999999999,37.59311666666667,0.9,SATISFIED,REBALANCE
84.16,53,4.0,45.717154761904766,0.84,45.717154761904766,0.84,SATISFIED,REBALANCE
84.25,90,1.0,0.0,inf,49.00486824324325,0.74,UNSATISFIED,START
84.34,65,2.0,54.24604360465116,0.86,,0.86,SATISFIED,TERMINATE
84.34,3,2.0,79.51041836734696,0.48999999999999994,79.51041836734696,0.49,SATISFIED,REBALANCE
84.34,15,2.0,53.49218918918919,0.74,53.49218918918919,0.74,SATISFIED,REBALANCE
84.34,62,2.0,52.38361038961039,0.77,52.38361038961039,0.77,SATISFIED,REBALANCE
84.34,64,2.0,105.03959239130435,0.45999999999999996,105.03959239130435,0.46,SATISFIED,REBALANCE
84.34,66,2.0,46.66154910714285,0.56,46.66154910714285,0.56,SATISFIED,REBALANCE
84.38,91,1.0,0.0,inf,32.07839204545455,0.88,UNSATISFIED,START
85.63,92,1.0,0.0,inf,82.79877118644069,0.59,UNSATISFIED,START
87.06,93,1.0,0.0,inf,91.25992045454545,0.44,UNSATISFIED,START
87.11,4,3.0,46.240974025974026,0.77,,0.77,SATISFIED,TERMINATE
87.11,38,3.0,63.746731707317075,0.41,63.746731707317075,0.41,SATISFIED,REBALANCE
87.11,70,3.0,92.00352314814815,0.54,92.00352314814815,0.54,SATISFIED,REBALANCE
87.11,71,3.0,59.917546875000006,0.48,59.917546875000006,0.48,SATISFIED,REBALANCE
87.11,73,3.0,78.45971022727272,0.44,78.45971022727272,0.44,SATISFIED,REBALANCE
87.52,93,1.0,0.0,inf,,0.44,UNSATISFIED,TERMINATE
87.52,8,1.0,38.89821538461538,0.65,38.89821538461538,0.65,SATISFIED,REBALANCE
87.52,49,1.0,29.937072222222227,0.9,29.937072222222227,0.9,SATISFIED,REBALANCE
87.52,50,1.0,83.6607966101695,0.59,83.6607966101695,0.59,SATISFIED,REBALANCE
87.52,57,1.0,38.75389666666667,0.75,38.75389666666667,0.75,SATISFIED,REBALANCE
87.52,58,1.0,82.36755172413794,0.58,82.36755172413794,0.58,SATISFIED,REBALANCE
87.52,60,1.0,58.029758928571425,0.84,58.029758928571425,0.84,SATISFIED,REBALANCE
87.52,87,1.0,85.29674122807019,0.57,85.29674122807019,0.57,SATISFIED,REBALANCE
87.52,88,1.0,121.68732894736843,0.38,121.68732894736843,0.38,SATISFIED,REBALANCE
87.52,89,1.0,38.49839814814815,0.8099999999999999,38.49839814814815,0.81,SATISFIED,REBALANCE
87.52,90,1.0,49.00486824324325,0.74,49.00486824324325,0.74,SATISFIED,REBALANCE
87.52,91,1.0,32.07839204545455,0.8799999999999999,32.07839204545455,0.88,SATISFIED,REBALANCE
87.52,92,1.0,82.79877118644069,0.59,82.79877118644069,0.59,SATISFIED,REBALANCE
87.88,94,3.0,0.0,inf,68.25793333333334,0.45,UNSATISFIED,START
88.01,89,1.0,38.49839814814815,0.8099999999999999,,0.81,SATISFIED,TERMINATE
88.01,8,1.0,38.89821538461538,0.65,38.89821538461538,0.65,SATISFIED,REBALANCE
88.01,49,1.0,29.937072222222227,0.9,29.937072222222227,0.9,SATISFIED,REBALANCE
88.01,50,1.0,83.6607966101695,0.59,83.6607966101695,0.59,SATISFIED,REBALANCE
88.01,57,1.0,38.75389666666667,0.75,38.75389666666667,0.75,SATISFIED,REBALANCE
88.01,58,1.0,82.36755172413794,0.58,82.36755172413794,0.58,SATISFIED,REBALANCE
88.01,60,1.0,58.029758928571425,0.84,58.029758928571425,0.84,SATISFIED,REBALANCE
88.01,87,1.0,85.29674122807019,0.57,85.29674122807019,0.57,SATISFIED,REBALANCE
88.01,88,1.0,121.68732894736843,0.38,121.68732894736843,0.38,SATISFIED,REBALANCE
88.01,90,1.0,49.00486824324325,0.74,49.00486824324325,0.74,SATISFIED,REBALANCE
88.01,91,1.0,32.07839204545455,0.8799999999999999,32.07839204545455,0.88,SATISFIED,REBALANCE
88.01,92,1.0,82.79877118644069,0.59,82.79877118644069,0.59,SATISFIED,REBALANCE
88.11,77,0.0,51.71454929577465,0.71,,0.71,SATISFIED,TERMINATE
88.11,6,0.0,44.80635080645161,0.62,44.80635080645161,0.62,SATISFIED,REBALANCE
88.11,22,0.0,30.48658132530121,0.83,30.48658132530121,0.83,SATISFIED,REBALANCE
88.11,27,0.0,75.4910909090909,0.66,75.4910909090909,0.66,SATISFIED,REBALANCE
88.11,28,0.0,28.55842021276596,0.94,28.55842021276596,0.94,SATISFIED,REBALANCE
88.11,74,0.0,78.17120634920636,0.63,78.17120634920636,0.63,SATISFIED,REBALANCE
88.11,75,0.0,61.40396333333334,0.75,61.40396333333334,0.75,SATISFIED,REBALANCE
88.11,76,0.0,62.10569932432432,0.74,62.10569932432432,0.74,SATISFIED,REBALANCE
88.11,79,0.0,46.13793840579711,0.69,46.13793840579711,0.69,SATISFIED,REBALANCE
88.11,80,0.0,40.62982692307693,0.65,40.62982692307693,0.65,SATISFIED,REBALANCE
88.11,81,0.0,63.86035616438356,0.73,63.86035616438356,0.73,SATISFIED,REBALANCE
88.11,82,0.0,60.43003333333334,0.75,60.43003333333334,0.75,SATISFIED,REBALANCE
88.11,83,0.0,68.48348287671233,0.73,68.48348287671233,0.73,SATISFIED,REBALANCE
88.11,84,0.0,57.374620689655174,0.87,57.374620689655174,0.87,SATISFIED,REBALANCE
88.11,85,0.0,53.26820890410959,0.73,53.26820890410959,0.73,SATISFIED,REBALANCE
88.11,86,0.0,88.44937,0.5,88.44937,0.5,SATISFIED,REBALANCE
89.36,95,3.0,0.0,inf,58.04516319444445,0.72,UNSATISFIED,START
90.04,96,3.0,0.0,inf,55.4153493150685,0.73,UNSATISFIED,START
90.29,96,3.0,0.0,inf,,0.73,UNSATISFIED,TERMINATE
90.29,38,3.0,63.746731707317075,0.41,63.746731707317075,0.41,SATISFIED,REBALANCE
90.29,70,3.0,92.00352314814815,0.54,92.00352314814815,0.54,SATISFIED,REBALANCE
90.29,71,3.0,59.917546875000006,0.48,59.917546875000006,0.48,SATISFIED,REBALANCE
90.29,73,3.0,78.45971022727272,0.44,78.45971022727272,0.44,SATISFIED,REBALANCE
90.29,94,3.0,68.25793333333334,0.44999999999999996,68.25793333333334,0.45,SATISFIED,REBALANCE
90.29,95,3.0,58.04516319444445,0.72,58.04516319444445,0.72,SATISFIED,REBALANCE
90.49,8,1.0,38.89821538461538,0.65,,0.65,SATISFIED,TERMINATE
90.49,49,1.0,29.937072222222227,0.9,29.937072222222227,0.9,SATISFIED,REBALANCE
90.49,50,1.0,83.6607966101695,0.59,83.6607966101695,0.59,SATISFIED,REBALANCE
90.49,57,1.0,38.75389666666667,0.75,38.75389666666667,0.75,SATISFIED,REBALANCE
90.49,58,1.0,82.36755172413794,0.58,82.36755172413794,0.58,SATISFIED,REBALANCE
90.49,60,1.0,58.029758928571425,0.84,58.029758928571425,0.84,SATISFIED,REBALANCE
90.49,87,1.0,85.29674122807019,0.57,85.29674122807019,0.57,SATISFIED,REBALANCE
90.49,88,1.0,121.68732894736843,0.38,121.68732894736843,0.38,SATISFIED,REBALANCE
90.49,90,1.0,49.00486824324325,0.74,49.00486824324325,0.74,SATISFIED,REBALANCE
90.49,91,1.0,32.07839204545455,0.8799999999999999,32.07839204545455,0.88,SATISFIED,REBALANCE
90.49,92,1.0,82.79877118644069,0.59,82.79877118644069,0.59,SATISFIED,REBALANCE
90.78,97,2.0,0.0,inf,59.56853947368422,0.57,UNSATISFIED,START
91.33,98,2.0,0.0,inf,50.616254545454545,0.55,UNSATISFIED,START
91.36,99,2.0,0.0,inf,59.699042857142864,0.7,UNSATISFIED,START
91.47,100,2.0,0.0,inf,61.30272983870967,0.62,UNSATISFIED,START
91.51,101,2.0,0.0,inf,51.520883720930236,0.86,UNSATISFIED,START
92.12,49,1.0,29.937072222222227,0.9,,0.9,SATISFIED,TERMINATE
92.12,50,1.0,83.6607966101695,0.59,83.6607966101695,0.59,SATISFIED,REBALANCE
92.12,57,1.0,38.75389666666667,0.75,38.75389666666667,0.75,SATISFIED,REBALANCE
92.12,58,1.0,82.36755172413794,0.58,82.36755172413794,0.58,SATISFIED,REBALANCE
92.12,60,1.0,58.029758928571425,0.84,58.029758928571425,0.84,SATISFIED,REBALANCE
92.12,87,1.0,85.29674122807019,0.57,85.29674122807019,0.57,SATISFIED,REBALANCE
92.12,88,1.0,121.68732894736843,0.38,121.68732894736843,0.38,SATISFIED,REBALANCE
92.12,90,1.0,49.00486824324325,0.74,49.00486824324325,0.74,SATISFIED,REBALANCE
92.12,91,1.0,32.07839204545455,0.8799999999999999,32.07839204545455,0.88,SATISFIED,REBALANCE
92.12,92,1.0,82.79877118644069,0.59,82.79877118644069,0.59,SATISFIED,REBALANCE
92.43,60,1.0,58.029758928571425,0.84,,0.84,SATISFIED,TERMINATE
92.43,50,1.0,83.6607966101695,0.59,83.6607966101695,0.59,SATISFIED,REBALANCE
92.43,57,1.0,38.75389666666667,0.75,38.75389666666667,0.75,SATISFIED,REBALANCE
92.43,58,1.0,82.36755172413794,0.58,82.36755172413794,0.58,SATISFIED,REBALANCE
92.43,87,1.0,85.29674122807019,0.57,85.29674122807019,0.57,SATISFIED,REBALANCE
92.43,88,1.0,121.68732894736843,0.38,121.68732894736843,0.38,SATISFIED,REBALANCE
92.43,90,1.0,49.00486824324325,0.74,49.00486824324325,0.74,SATISFIED,REBALANCE
92.43,91,1.0,32.07839204545455,0.8799999999999999,32.07839204545455,0.88,SATISFIED,REBALANCE
92.43,92,1.0,82.79877118644069,0.59,82.79877118644069,0.59,SATISFIED,REBALANCE
92.49,50,1.0,83.6607966101695,0.59,,0.59,SATISFIED,TERMINATE
92.49,57,1.0,38.75389666666667,0.75,38.75389666666667,0.75,SATISFIED,REBALANCE
92.49,58,1.0,82.36755172413794,0.58,82.36755172413794,0.58,SATISFIED,REBALANCE
92.49,87,1.0,85.29674122807019,0.57,85.29674122807019,0.57,SATISFIED,REBALANCE
92.49,88,1.0,121.68732894736843,0.38,121.68732894736843,0.38,SATISFIED,REBALANCE
92.49,90,1.0,49.00486824324325,0.74,49.00486824324325,0.74,SATISFIED,REBALANCE
92.49,91,1.0,32.07839204545455,0.8799999999999999,32.07839204545455,0.88,SATISFIED,REBALANCE
92.49,92,1.0,82.79877118644069,0.59,82.79877118644069,0.59,SATISFIED,REBALANCE
92.52,102,2.0,0.0,inf,49.355957792207796,0.77,UNSATISFIED,START
92.9,103,2.0,0.0,inf,85.74914351851852,0.54,UNSATISFIED,START
93.07,90,1.0,49.00486824324325,0.74,,0.74,SATISFIED,TERMINATE
93.07,57,1.0,38.75389666666667,0.75,38.75389666666667,0.75,SATISFIED,REBALANCE
93.07,58,1.0,82.36755172413794,0.58,82.36755172413794,0.58,SATISFIED,REBALANCE
93.07,87,1.0,85.29674122807019,0.57,85.29674122807019,0.57,SATISFIED,REBALANCE
93.07,88,1.0,121.68732894736843,0.38,121.68732894736843,0.38,SATISFIED,REBALANCE
93.07,91,1.0,32.07839204545455,0.8799999999999999,32.07839204545455,0.88,SATISFIED,REBALANCE
93.07,92,1.0,82.79877118644069,0.59,82.79877118644069,0.59,SATISFIED,REBALANCE
93.23,94,3.0,68.25793333333334,0.44999999999999996,,0.45,SATISFIED,TERMINATE
93.23,38,3.0,63.746731707317075,0.41,63.746731707317075,0.41,SATISFIED,REBALANCE
93.23,70,3.0,92.00352314814815,0.54,92.00352314814815,0.54,SATISFIED,REBALANCE
93.23,71,3.0,59.917546875000006,0.48,59.917546875000006,0.48,SATISFIED,REBALANCE
93.23,73,3.0,78.45971022727272,0.44,78.45971022727272,0.44,SATISFIED,REBALANCE
93.23,95,3.0,58.04516319444445,0.72,58.04516319444445,0.72,SATISFIED,REBALANCE
93.61,104,2.0,0.0,inf,79.17891836734694,0.49,UNSATISFIED,START
94.57,44,4.0,65.17251020408163,0.49,,0.49,SATISFIED,TERMINATE
94.57,9,4.0,50.995159722222226,0.72,50.995159722222226,0.72,SATISFIED,REBALANCE
94.57,14,4.0,61.48045422535211,0.71,61.48045422535211,0.71,SATISFIED,REBALANCE
94.57,42,4.0,42.813435294117646,0.85,42.813435294117646,0.85,SATISFIED,REBALANCE
94.57,45,4.0,42.432900000000004,0.6999999999999998,42.432900000000004,0.7,SATISFIED,REBALANCE
94.57,47,4.0,37.59311666666667,0.8999999999999999,37.59311666666667,0.9,SATISFIED,REBALANCE
94.57,53,4.0,45.717154761904766,0.84,45.717154761904766,0.84,SATISFIED,REBALANCE
95.99,105,4.0,0.0,inf,48.17709876543209,0.81,UNSATISFIED,START
96.27,106,4.0,0.0,inf,79.51922033898305,0.59,UNSATISFIED,START
96.8,107,4.0,0.0,inf,50.850829710144936,0.69,UNSATISFIED,START
98.21,108,4.0,0.0,inf,41.69173529411765,0.68,UNSATISFIED,START
98.47,109,4.0,0.0,inf,33.841536184210526,0.76,UNSATISFIED,START
98.55,110,4.0,0.0,inf,57.734779605263164,0.76,UNSATISFIED,START
98.58,82,0.0,60.43003333333334,0.75,,0.75,SATISFIED,TERMINATE
98.58,6,0.0,44.80635080645161,0.62,44.80635080645161,0.62,SATISFIED,REBALANCE
98.58,22,0.0,30.48658132530121,0.83,30.48658132530121,0.83,SATISFIED,REBALANCE
98.58,27,0.0,75.4910909090909,0.66,75.4910909090909,0.66,SATISFIED,REBALANCE
98.58,28,0.0,28.55842021276596,0.94,28.55842021276596,0.94,SATISFIED,REBALANCE
98.58,74,0.0,78.17120634920636,0.63,78.17120634920636,0.63,SATISFIED,REBALANCE
98.58,75,0.0,61.40396333333334,0.75,61.40396333333334,0.75,SATISFIED,REBALANCE
98.58,76,0.0,62.10569932432432,0.74,62.10569932432432,0.74,SATISFIED,REBALANCE
98.58,79,0.0,46.13793840579711,0.69,46.13793840579711,0.69,SATISFIED,REBALANCE
98.58,80,0.0,40.62982692307693,0.65,40.62982692307693,0.65,SATISFIED,REBALANCE
98.58,81,0.0,63.86035616438356,0.73,63.86035616438356,0.73,SATISFIED,REBALANCE
98.58,83,0.0,68.48348287671233,0.73,68.48348287671233,0.73,SATISFIED,REBALANCE
98.58,84,0.0,57.374620689655174,0.87,57.374620689655174,0.87,SATISFIED,REBALANCE
98.58,85,0.0,53.26820890410959,0.73,53.26820890410959,0.73,SATISFIED,REBALANCE
98.58,86,0.0,88.44937,0.5,88.44937,0.5,SATISFIED,REBALANCE
98.89,111,4.0,0.0,inf,61.37536363636363,0.66,UNSATISFIED,START
99.07,112,4.0,0.0,inf,60.00280985915494,0.71,UNSATISFIED,START
99.54,97,2.0,0.0,inf,,0.57,UNSATISFIED,TERMINATE
99.54,3,2.0,79.51041836734696,0.48999999999999994,79.51041836734696,0.49,SATISFIED,REBALANCE
99.54,15,2.0,53.49218918918919,0.74,53.49218918918919,0.74,SATISFIED,REBALANCE
99.54,62,2.0,52.38361038961039,0.77,52.38361038961039,0.77,SATISFIED,REBALANCE
99.54,64,2.0,105.03959239130435,0.45999999999999996,105.03959239130435,0.46,SATISFIED,REBALANCE
99.54,66,2.0,46.66154910714285,0.56,46.66154910714285,0.56,SATISFIED,REBALANCE
99.54,98,2.0,50.616254545454545,0.55,50.616254545454545,0.55,SATISFIED,REBALANCE
99.54,99,2.0,59.699042857142864,0.7,59.699042857142864,0.7,SATISFIED,REBALANCE
99.54,100,2.0,61.30272983870967,0.62,61.30272983870967,0.62,SATISFIED,REBALANCE
99.54,101,2.0,51.520883720930236,0.86,51.520883720930236,0.86,SATISFIED,REBALANCE
99.54,102,2.0,49.355957792207796,0.77,49.355957792207796,0.77,SATISFIED,REBALANCE
99.54,103,2.0,85.74914351851852,0.54,85.74914351851852,0.54,SATISFIED,REBALANCE
99.54,104,2.0,79.17891836734694,0.48999999999999994,79.17891836734694,0.49,SATISFIED,REBALANCE
99.75,83,0.0,68.48348287671233,0.73,,0.73,SATISFIED,TERMINATE
99.75,6,0.0,44.80635080645161,0.62,44.80635080645161,0.62,SATISFIED,REBALANCE
99.75,22,0.0,30.48658132530121,0.83,30.48658132530121,0.83,SATISFIED,REBALANCE
99.75,27,0.0,75.4910909090909,0.66,75.4910909090909,0.66,SATISFIED,REBALANCE
99.75,28,0.0,28.55842021276596,0.94,28.55842021276596,0.94,SATISFIED,REBALANCE
99.75,74,0.0,78.17120634920636,0.63,78.17120634920636,0.63,SATISFIED,REBALANCE
99.75,75,0.0,61.40396333333334,0.75,61.40396333333334,0.75,SATISFIED,REBALANCE
99.75,76,0.0,62.10569932432432,0.74,62.10569932432432,0.74,SATISFIED,REBALANCE
99.75,79,0.0,46.13793840579711,0.69,46.13793840579711,0.69,SATISFIED,REBALANCE
99.75,80,0.0,40.62982692307693,0.65,40.62982692307693,0.65,SATISFIED,REBALANCE
99.75,81,0.0,63.86035616438356,0.73,63.86035616438356,0.73,SATISFIED,REBALANCE
99.75,84,0.0,57.374620689655174,0.87,57.374620689655174,0.87,SATISFIED,REBALANCE
99.75,85,0.0,53.26820890410959,0.73,53.26820890410959,0.73,SATISFIED,REBALANCE
99.75,86,0.0,88.44937,0.5,88.44937,0.5,SATISFIED,REBALANCE
100.58,57,1.0,38.75389666666667,0.75,,0.75,SATISFIED,TERMINATE
100.58,58,1.0,82.36755172413794,0.58,82.36755172413794,0.58,SATISFIED,REBALANCE
100.58,87,1.0,85.29674122807019,0.57,85.29674122807019,0.57,SATISFIED,REBALANCE
100.58,88,1.0,121.68732894736843,0.38,121.68732894736843,0.38,SATISFIED,REBALANCE
100.58,91,1.0,32.07839204545455,0.8799999999999999,32.07839204545455,0.88,SATISFIED,REBALANCE
100.58,92,1.0,82.79877118644069,0.59,82.79877118644069,0.59,SATISFIED,REBALANCE
101.01,14,4.0,61.48045422535211,0.71,,0.71,SATISFIED,TERMINATE
101.01,9,4.0,50.995159722222226,0.72,50.995159722222226,0.72,SATISFIED,REBALANCE
101.01,42,4.0,42.813435294117646,0.85,42.813435294117646,0.85,SATISFIED,REBALANCE
101.01,45,4.0,42.432900000000004,0.6999999999999998,42.432900000000004,0.7,SATISFIED,REBALANCE
101.01,47,4.0,37.59311666666667,0.8999999999999999,37.59311666666667,0.9,SATISFIED,REBALANCE
101.01,53,4.0,45.717154761904766,0.84,45.717154761904766,0.84,SATISFIED,REBALANCE
101.01,105,4.0,48.17709876543209,0.81,48.17709876543209,0.81,SATISFIED,REBALANCE
101.01,106,4.0,79.51922033898305,0.59,79.51922033898305,0.59,SATISFIED,REBALANCE
101.01,107,4.0,50.850829710144936,0.69,50.850829710144936,0.69,SATISFIED,REBALANCE
101.01,108,4.0,41.69173529411765,0.68,41.69173529411765,0.68,SATISFIED,REBALANCE
101.01,109,4.0,33.841536184210526,0.76,33.841536184210526,0.76,SATISFIED,REBALANCE
101.01,110,4.0,57.734779605263164,0.76,57.734779605263164,0.76,SATISFIED,REBALANCE
101.01,111,4.0,61.37536363636363,0.66,61.37536363636363,0.66,SATISFIED,REBALANCE
101.01,112,4.0,60.00280985915494,0.71,60.00280985915494,0.71,SATISFIED,REBALANCE
103.47,110,4.0,57.734779605263164,0.76,,0.76,SATISFIED,TERMINATE
103.47,9,4.0,50.995159722222226,0.72,50.995159722222226,0.72,SATISFIED,REBALANCE
103.47,42,4.0,42.813435294117646,0.85,42.813435294117646,0.85,SATISFIED,REBALANCE
103.47,45,4.0,42.432900000000004,0.6999999999999998,42.432900000000004,0.7,SATISFIED,REBALANCE
103.47,47,4.0,37.59311666666667,0.8999999999999999,37.59311666666667,0.9,SATISFIED,REBALANCE
103.47,53,4.0,45.717154761904766,0.84,45.717154761904766,0.84,SATISFIED,REBALANCE
103.47,105,4.0,48.17709876543209,0.81,48.17709876543209,0.81,SATISFIED,REBALANCE
103.47,106,4.0,79.51922033898305,0.59,79.51922033898305,0.59,SATISFIED,REBALANCE
103.47,107,4.0,50.850829710144936,0.69,50.850829710144936,0.69,SATISFIED,REBALANCE
103.47,108,4.0,41.69173529411765,0.68,41.69173529411765,0.68,SATISFIED,REBALANCE
103.47,109,4.0,33.841536184210526,0.76,33.841536184210526,0.76,SATISFIED,REBALANCE
103.47,111,4.0,61.37536363636363,0.66,61.37536363636363,0.66,SATISFIED,REBALANCE
103.47,112,4.0,60.00280985915494,0.71,60.00280985915494,0.71,SATISFIED,REBALANCE
104.2,101,2.0,51.520883720930236,0.86,,0.86,SATISFIED,TERMINATE
104.2,3,2.0,79.51041836734696,0.48999999999999994,79.51041836734696,0.49,SATISFIED,REBALANCE
104.2,15,2.0,53.49218918918919,0.74,53.49218918918919,0.74,SATISFIED,REBALANCE
104.2,62,2.0,52.38361038961039,0.77,52.38361038961039,0.77,SATISFIED,REBALANCE
104.2,64,2.0,105.03959239130435,0.45999999999999996,105.03959239130435,0.46,SATISFIED,REBALANCE
104.2,66,2.0,46.66154910714285,0.56,46.66154910714285,0.56,SATISFIED,REBALANCE
104.2,98,2.0,50.616254545454545,0.55,50.616254545454545,0.55,SATISFIED,REBALANCE
104.2,99,2.0,59.699042857142864,0.7,59.699042857142864,0.7,SATISFIED,REBALANCE
104.2,100,2.0,61.30272983870967,0.62,61.30272983870967,0.62,SATISFIED,REBALANCE
104.2,102,2.0,49.355957792207796,0.77,49.355957792207796,0.77,SATISFIED,REBALANCE
104.2,103,2.0,85.74914351851852,0.54,85.74914351851852,0.54,SATISFIED,REBALANCE
104.2,104,2.0,79.17891836734694,0.48999999999999994,79.17891836734694,0.49,SATISFIED,REBALANCE
105.7,47,4.0,37.59311666666667,0.8999999999999999,,0.9,SATISFIED,TERMINATE
105.7,9,4.0,50.995159722222226,0.72,50.995159722222226,0.72,SATISFIED,REBALANCE
105.7,42,4.0,42.813435294117646,0.85,42.813435294117646,0.85,SATISFIED,REBALANCE
105.7,45,4.0,42.432900000000004,0.6999999999999998,42.432900000000004,0.7,SATISFIED,REBALANCE
105.7,53,4.0,45.717154761904766,0.84,45.717154761904766,0.84,SATISFIED,REBALANCE
105.7,105,4.0,48.17709876543209,0.81,48.17709876543209,0.81,SATISFIED,REBALANCE
105.7,106,4.0,79.51922033898305,0.59,79.51922033898305,0.59,SATISFIED,REBALANCE
105.7,107,4.0,50.850829710144936,0.69,50.850829710144936,0.69,SATISFIED,REBALANCE
105.7,108,4.0,41.69173529411765,0.68,41.69173529411765,0.68,SATISFIED,REBALANCE
105.7,109,4.0,33.841536184210526,0.76,33.841536184210526,0.76,SATISFIED,REBALANCE
105.7,111,4.0,61.37536363636363,0.66,61.37536363636363,0.66,SATISFIED,REBALANCE
105.7,112,4.0,60.00280985915494,0.71,60.00280985915494,0.71,SATISFIED,REBALANCE
106.44,103,2.0,85.74914351851852,0.54,,0.54,SATISFIED,TERMINATE
106.44,3,2.0,79.51041836734696,0.48999999999999994,79.51041836734696,0.49,SATISFIED,REBALANCE
106.44,15,2.0,53.49218918918919,0.74,53.49218918918919,0.74,SATISFIED,REBALANCE
106.44,62,2.0,52.38361038961039,0.77,52.38361038961039,0.77,SATISFIED,REBALANCE
106.44,64,2.0,105.03959239130435,0.45999999999999996,105.03959239130435,0.46,SATISFIED,REBALANCE
106.44,66,2.0,46.66154910714285,0.56,46.66154910714285,0.56,SATISFIED,REBALANCE
106.44,98,2.0,50.616254545454545,0.55,50.616254545454545,0.55,SATISFIED,REBALANCE
106.44,99,2.0,59.699042857142864,0.7,59.699042857142864,0.7,SATISFIED,REBALANCE
106.44,100,2.0,61.30272983870967,0.62,61.30272983870967,0.62,SATISFIED,REBALANCE
106.44,102,2.0,49.355957792207796,0.77,49.355957792207796,0.77,SATISFIED,REBALANCE
106.44,104,2.0,79.17891836734694,0.48999999999999994,79.17891836734694,0.49,SATISFIED,REBALANCE
107.37,3,2.0,79.51041836734696,0.48999999999999994,,0.49,SATISFIED,TERMINATE
107.37,15,2.0,53.49218918918919,0.74,53.49218918918919,0.74,SATISFIED,REBALANCE
107.37,62,2.0,52.38361038961039,0.77,52.38361038961039,0.77,SATISFIED,REBALANCE
107.37,64,2.0,105.03959239130435,0.45999999999999996,105.03959239130435,0.46,SATISFIED,REBALANCE
107.37,66,2.0,46.66154910714285,0.56,46.66154910714285,0.56,SATISFIED,REBALANCE
107.37,98,2.0,50.616254545454545,0.55,50.616254545454545,0.55,SATISFIED,REBALANCE
107.37,99,2.0,59.699042857142864,0.7,59.699042857142864,0.7,SATISFIED,REBALANCE
107.37,100,2.0,61.30272983870967,0.62,61.30272983870967,0.62,SATISFIED,REBALANCE
107.37,102,2.0,49.355957792207796,0.77,49.355957792207796,0.77,SATISFIED,REBALANCE
107.37,104,2.0,79.17891836734694,0.48999999999999994,79.17891836734694,0.49,SATISFIED,REBALANCE
109.17,62,2.0,52.38361038961039,0.77,,0.77,SATISFIED,TERMINATE
109.17,15,2.0,53.49218918918919,0.74,53.49218918918919,0.74,SATISFIED,REBALANCE
109.17,64,2.0,105.03959239130435,0.45999999999999996,105.03959239130435,0.46,SATISFIED,REBALANCE
109.17,66,2.0,46.66154910714285,0.56,46.66154910714285,0.56,SATISFIED,REBALANCE
109.17,98,2.0,50.616254545454545,0.55,50.616254545454545,0.55,SATISFIED,REBALANCE
109.17,99,2.0,59.699042857142864,0.7,59.699042857142864,0.7,SATISFIED,REBALANCE
109.17,100,2.0,61.30272983870967,0.62,61.30272983870967,0.62,SATISFIED,REBALANCE
109.17,102,2.0,49.355957792207796,0.77,49.355957792207796,0.77,SATISFIED,REBALANCE
109.17,104,2.0,79.17891836734694,0.48999999999999994,79.17891836734694,0.49,SATISFIED,REBALANCE
110.5,76,0.0,62.10569932432432,0.74,,0.74,SATISFIED,TERMINATE
110.5,6,0.0,44.80635080645161,0.62,44.80635080645161,0.62,SATISFIED,REBALANCE
110.5,22,0.0,30.48658132530121,0.83,30.48658132530121,0.83,SATISFIED,REBALANCE
110.5,27,0.0,75.4910909090909,0.66,75.4910909090909,0.66,SATISFIED,REBALANCE
110.5,28,0.0,28.55842021276596,0.94,28.55842021276596,0.94,SATISFIED,REBALANCE
110.5,74,0.0,78.17120634920636,0.63,78.17120634920636,0.63,SATISFIED,REBALANCE
110.5,75,0.0,61.40396333333334,0.75,61.40396333333334,0.75,SATISFIED,REBALANCE
110.5,79,0.0,46.13793840579711,0.69,46.13793840579711,0.69,SATISFIED,REBALANCE
110.5,80,0.0,40.62982692307693,0.65,40.62982692307693,0.65,SATISFIED,REBALANCE
110.5,81,0.0,63.86035616438356,0.73,63.86035616438356,0.73,SATISFIED,REBALANCE
110.5,84,0.0,57.374620689655174,0.87,57.374620689655174,0.87,SATISFIED,REBALANCE
110.5,85,0.0,53.26820890410959,0.73,53.26820890410959,0.73,SATISFIED,REBALANCE
110.5,86,0.0,88.44937,0.5,88.44937,0.5,SATISFIED,REBALANCE
110.8,45,4.0,42.432900000000004,0.6999999999999998,,0.7,SATISFIED,TERMINATE
110.8,9,4.0,50.995159722222226,0.72,50.995159722222226,0.72,SATISFIED,REBALANCE
110.8,42,4.0,42.813435294117646,0.85,42.813435294117646,0.85,SATISFIED,REBALANCE
110.8,53,4.0,45.717154761904766,0.84,45.717154761904766,0.84,SATISFIED,REBALANCE
110.8,105,4.0,48.17709876543209,0.81,48.17709876543209,0.81,SATISFIED,REBALANCE
110.8,106,4.0,79.51922033898305,0.59,79.51922033898305,0.59,SATISFIED,REBALANCE
110.8,107,4.0,50.850829710144936,0.69,50.850829710144936,0.69,SATISFIED,REBALANCE
110.8,108,4.0,41.69173529411765,0.68,41.69173529411765,0.68,SATISFIED,REBALANCE
110.8,109,4.0,33.841536184210526,0.76,33.841536184210526,0.76,SATISFIED,REBALANCE
110.8,111,4.0,61.37536363636363,0.66,61.37536363636363,0.66,SATISFIED,REBALANCE
110.8,112,4.0,60.00280985915494,0.71,60.00280985915494,0.71,SATISFIED,REBALANCE
111.99,75,0.0,61.40396333333334,0.75,,0.75,SATISFIED,TERMINATE
111.99,6,0.0,44.80635080645161,0.62,44.80635080645161,0.62,SATISFIED,REBALANCE
111.99,22,0.0,30.48658132530121,0.83,30.48658132530121,0.83,SATISFIED,REBALANCE
111.99,27,0.0,75.4910909090909,0.66,75.4910909090909,0.66,SATISFIED,REBALANCE
111.99,28,0.0,28.55842021276596,0.94,28.55842021276596,0.94,SATISFIED,REBALANCE
111.99,74,0.0,78.17120634920636,0.63,78.17120634920636,0.63,SATISFIED,REBALANCE
111.99,79,0.0,46.13793840579711,0.69,46.13793840579711,0.69,SATISFIED,REBALANCE
111.99,80,0.0,40.62982692307693,0.65,40.62982692307693,0.65,SATISFIED,REBALANCE
111.99,81,0.0,63.86035616438356,0.73,63.86035616438356,0.73,SATISFIED,REBALANCE
111.99,84,0.0,57.374620689655174,0.87,57.374620689655174,0.87,SATISFIED,REBALANCE
111.99,85,0.0,53.26820890410959,0.73,53.26820890410959,0.73,SATISFIED,REBALANCE
111.99,86,0.0,88.44937,0.5,88.44937,0.5,SATISFIED,REBALANCE
112.7,58,1.0,82.36755172413794,0.58,,0.58,SATISFIED,TERMINATE
112.7,87,1.0,85.29674122807019,0.57,85.29674122807019,0.57,SATISFIED,REBALANCE
112.7,88,1.0,121.68732894736843,0.38,121.68732894736843,0.38,SATISFIED,REBALANCE
112.7,91,1.0,32.07839204545455,0.8799999999999999,32.07839204545455,0.88,SATISFIED,REBALANCE
112.7,92,1.0,82.79877118644069,0.59,82.79877118644069,0.59,SATISFIED,REBALANCE
113.29,104,2.0,79.17891836734694,0.48999999999999994,,0.49,SATISFIED,TERMINATE
113.29,15,2.0,53.49218918918919,0.74,53.49218918918919,0.74,SATISFIED,REBALANCE
113.29,64,2.0,105.03959239130435,0.45999999999999996,105.03959239130435,0.46,SATISFIED,REBALANCE
113.29,66,2.0,46.66154910714285,0.56,46.66154910714285,0.56,SATISFIED,REBALANCE
113.29,98,2.0,50.616254545454545,0.55,50.616254545454545,0.55,SATISFIED,REBALANCE
113.29,99,2.0,59.699042857142864,0.7,59.699042857142864,0.7,SATISFIED,REBALANCE
113.29,100,2.0,61.30272983870967,0.62,61.30272983870967,0.62,SATISFIED,REBALANCE
113.29,102,2.0,49.355957792207796,0.77,49.355957792207796,0.77,SATISFIED,REBALANCE
114.48,112,4.0,60.00280985915494,0.71,,0.71,SATISFIED,TERMINATE
114.48,9,4.0,50.995159722222226,0.72,50.995159722222226,0.72,SATISFIED,REBALANCE
114.48,42,4.0,42.813435294117646,0.85,42.813435294117646,0.85,SATISFIED,REBALANCE
114.48,53,4.0,45.717154761904766,0.84,45.717154761904766,0.84,SATISFIED,REBALANCE
114.48,105,4.0,48.17709876543209,0.81,48.17709876543209,0.81,SATISFIED,REBALANCE
114.48,106,4.0,79.51922033898305,0.59,79.51922033898305,0.59,SATISFIED,REBALANCE
114.48,107,4.0,50.850829710144936,0.69,50.850829710144936,0.69,SATISFIED,REBALANCE
114.48,108,4.0,41.69173529411765,0.68,41.69173529411765,0.68,SATISFIED,REBALANCE
114.48,109,4.0,33.841536184210526,0.76,33.841536184210526,0.76,SATISFIED,REBALANCE
114.48,111,4.0,61.37536363636363,0.66,61.37536363636363,0.66,SATISFIED,REBALANCE
114.59,15,2.0,53.49218918918919,0.74,,0.74,SATISFIED,TERMINATE
114.59,64,2.0,105.03959239130435,0.45999999999999996,105.03959239130435,0.46,SATISFIED,REBALANCE
114.59,66,2.0,46.66154910714285,0.56,46.66154910714285,0.56,SATISFIED,REBALANCE
114.59,98,2.0,50.616254545454545,0.55,50.616254545454545,0.55,SATISFIED,REBALANCE
114.59,99,2.0,59.699042857142864,0.7,59.699042857142864,0.7,SATISFIED,REBALANCE
114.59,100,2.0,61.30272983870967,0.62,61.30272983870967,0.62,SATISFIED,REBALANCE
114.59,102,2.0,49.355957792207796,0.77,49.355957792207796,0.77,SATISFIED,REBALANCE
117.59,6,0.0,44.80635080645161,0.62,,0.62,SATISFIED,TERMINATE
117.59,22,0.0,30.48658132530121,0.83,30.48658132530121,0.83,SATISFIED,REBALANCE
117.59,27,0.0,75.4910909090909,0.66,75.4910909090909,0.66,SATISFIED,REBALANCE
117.59,28,0.0,28.55842021276596,0.94,28.55842021276596,0.94,SATISFIED,REBALANCE
117.59,74,0.0,78.17120634920636,0.63,78.17120634920636,0.63,SATISFIED,REBALANCE
117.59,79,0.0,46.13793840579711,0.69,46.13793840579711,0.69,SATISFIED,REBALANCE
117.59,80,0.0,40.62982692307693,0.65,40.62982692307693,0.65,SATISFIED,REBALANCE
117.59,81,0.0,63.86035616438356,0.73,63.86035616438356,0.73,SATISFIED,REBALANCE
117.59,84,0.0,57.374620689655174,0.87,57.374620689655174,0.87,SATISFIED,REBALANCE
117.59,85,0.0,53.26820890410959,0.73,53.26820890410959,0.73,SATISFIED,REBALANCE
117.59,86,0.0,88.44937,0.5,88.44937,0.5,SATISFIED,REBALANCE
118.28,64,2.0,105.03959239130435,0.45999999999999996,,0.46,SATISFIED,TERMINATE
118.28,66,2.0,46.66154910714285,0.56,46.66154910714285,0.56,SATISFIED,REBALANCE
118.28,98,2.0,50.616254545454545,0.55,50.616254545454545,0.55,SATISFIED,REBALANCE
118.28,99,2.0,59.699042857142864,0.7,59.699042857142864,0.7,SATISFIED,REBALANCE
118.28,100,2.0,61.30272983870967,0.62,61.30272983870967,0.62,SATISFIED,REBALANCE
118.28,102,2.0,49.355957792207796,0.77,49.355957792207796,0.77,SATISFIED,REBALANCE
121.81,111,4.0,61.37536363636363,0.66,,0.66,SATISFIED,TERMINATE
121.81,9,4.0,50.995159722222226,0.72,50.995159722222226,0.72,SATISFIED,REBALANCE
121.81,42,4.0,42.813435294117646,0.85,42.813435294117646,0.85,SATISFIED,REBALANCE
121.81,53,4.0,45.717154761904766,0.84,45.717154761904766,0.84,SATISFIED,REBALANCE
121.81,105,4.0,48.17709876543209,0.81,48.17709876543209,0.81,SATISFIED,REBALANCE
121.81,106,4.0,79.51922033898305,0.59,79.51922033898305,0.59,SATISFIED,REBALANCE
121.81,107,4.0,50.850829710144936,0.69,50.850829710144936,0.69,SATISFIED,REBALANCE
121.81,108,4.0,41.69173529411765,0.68,41.69173529411765,0.68,SATISFIED,REBALANCE
121.81,109,4.0,33.841536184210526,0.76,33.841536184210526,0.76,SATISFIED,REBALANCE
122.25,9,4.0,50.995159722222226,0.72,,0.72,SATISFIED,TERMINATE
122.25,42,4.0,42.813435294117646,0.85,42.813435294117646,0.85,SATISFIED,REBALANCE
122.25,53,4.0,45.717154761904766,0.84,45.717154761904766,0.84,SATISFIED,REBALANCE
122.25,105,4.0,48.17709876543209,0.81,48.17709876543209,0.81,SATISFIED,REBALANCE
122.25,106,4.0,79.51922033898305,0.59,79.51922033898305,0.59,SATISFIED,REBALANCE
122.25,107,4.0,50.850829710144936,0.69,50.850829710144936,0.69,SATISFIED,REBALANCE
122.25,108,4.0,41.69173529411765,0.68,41.69173529411765,0.68,SATISFIED,REBALANCE
122.25,109,4.0,33.841536184210526,0.76,33.841536184210526,0.76,SATISFIED,REBALANCE
122.51,73,3.0,78.45971022727272,0.44,,0.44,SATISFIED,TERMINATE
122.51,38,3.0,63.746731707317075,0.41,63.746731707317075,0.41,SATISFIED,REBALANCE
122.51,70,3.0,92.00352314814815,0.54,92.00352314814815,0.54,SATISFIED,REBALANCE
122.51,71,3.0,59.917546875000006,0.48,59.917546875000006,0.48,SATISFIED,REBALANCE
122.51,95,3.0,58.04516319444445,0.72,58.04516319444445,0.72,SATISFIED,REBALANCE
127.03,81,0.0,63.86035616438356,0.73,,0.73,SATISFIED,TERMINATE
127.03,22,0.0,30.48658132530121,0.83,30.48658132530121,0.83,SATISFIED,REBALANCE
127.03,27,0.0,75.4910909090909,0.66,75.4910909090909,0.66,SATISFIED,REBALANCE
127.03,28,0.0,28.55842021276596,0.94,28.55842021276596,0.94,SATISFIED,REBALANCE
127.03,74,0.0,78.17120634920636,0.63,78.17120634920636,0.63,SATISFIED,REBALANCE
127.03,79,0.0,46.13793840579711,0.69,46.13793840579711,0.69,SATISFIED,REBALANCE
127.03,80,0.0,40.62982692307693,0.65,40.62982692307693,0.65,SATISFIED,REBALANCE
127.03,84,0.0,57.374620689655174,0.87,57.374620689655174,0.87,SATISFIED,REBALANCE
127.03,85,0.0,53.26820890410959,0.73,53.26820890410959,0.73,SATISFIED,REBALANCE
127.03,86,0.0,88.44937,0.5,88.44937,0.5,SATISFIED,REBALANCE
131.12,98,2.0,50.616254545454545,0.55,,0.55,SATISFIED,TERMINATE
131.12,66,2.0,46.66154910714285,0.56,46.66154910714285,0.56,SATISFIED,REBALANCE
131.12,99,2.0,59.699042857142864,0.7,59.699042857142864,0.7,SATISFIED,REBALANCE
131.12,100,2.0,61.30272983870967,0.62,61.30272983870967,0.62,SATISFIED,REBALANCE
131.12,102,2.0,49.355957792207796,0.77,49.355957792207796,0.77,SATISFIED,REBALANCE
132.25,92,1.0,82.79877118644069,0.59,,0.59,SATISFIED,TERMINATE
132.25,87,1.0,85.29674122807019,0.57,85.29674122807019,0.57,SATISFIED,REBALANCE
132.25,88,1.0,121.68732894736843,0.38,121.68732894736843,0.38,SATISFIED,REBALANCE
132.25,91,1.0,32.07839204545455,0.8799999999999999,32.07839204545455,0.88,SATISFIED,REBALANCE
132.8,88,1.0,121.68732894736843,0.38,,0.38,SATISFIED,TERMINATE
132.8,87,1.0,85.29674122807019,0.57,85.29674122807019,0.57,SATISFIED,REBALANCE
132.8,91,1.0,32.07839204545455,0.8799999999999999,32.07839204545455,0.88,SATISFIED,REBALANCE
140.27,53,4.0,45.717154761904766,0.84,,0.84,SATISFIED,TERMINATE
140.27,42,4.0,42.813435294117646,0.85,42.813435294117646,0.85,SATISFIED,REBALANCE
140.27,105,4.0,48.17709876543209,0.81,48.17709876543209,0.81,SATISFIED,REBALANCE
140.27,106,4.0,79.51922033898305,0.59,79.51922033898305,0.59,SATISFIED,REBALANCE
140.27,107,4.0,50.850829710144936,0.69,50.850829710144936,0.69,SATISFIED,REBALANCE
140.27,108,4.0,41.69173529411765,0.68,41.69173529411765,0.68,SATISFIED,REBALANCE
140.27,109,4.0,33.841536184210526,0.76,33.841536184210526,0.76,SATISFIED,REBALANCE
140.47,109,4.0,33.841536184210526,0.76,,0.76,SATISFIED,TERMINATE
140.47,42,4.0,42.813435294117646,0.85,42.813435294117646,0.85,SATISFIED,REBALANCE
140.47,105,4.0,48.17709876543209,0.81,48.17709876543209,0.81,SATISFIED,REBALANCE
140.47,106,4.0,79.51922033898305,0.59,79.51922033898305,0.59,SATISFIED,REBALANCE
140.47,107,4.0,50.850829710144936,0.69,50.850829710144936,0.69,SATISFIED,REBALANCE
140.47,108,4.0,41.69173529411765,0.68,41.69173529411765,0.68,SATISFIED,REBALANCE
143.07,84,0.0,57.374620689655174,0.87,,0.87,SATISFIED,TERMINATE
143.07,22,0.0,30.48658132530121,0.83,30.48658132530121,0.83,SATISFIED,REBALANCE
143.07,27,0.0,75.4910909090909,0.66,75.4910909090909,0.66,SATISFIED,REBALANCE
143.07,28,0.0,28.55842021276596,0.94,28.55842021276596,0.94,SATISFIED,REBALANCE
143.07,74,0.0,78.17120634920636,0.63,78.17120634920636,0.63,SATISFIED,REBALANCE
143.07,79,0.0,46.13793840579711,0.69,46.13793840579711,0.69,SATISFIED,REBALANCE
143.07,80,0.0,40.62982692307693,0.65,40.62982692307693,0.65,SATISFIED,REBALANCE
143.07,85,0.0,53.26820890410959,0.73,53.26820890410959,0.73,SATISFIED,REBALANCE
143.07,86,0.0,88.44937,0.5,88.44937,0.5,SATISFIED,REBALANCE
143.81,95,3.0,58.04516319444445,0.72,,0.72,SATISFIED,TERMINATE
143.81,38,3.0,63.746731707317075,0.41,63.746731707317075,0.41,SATISFIED,REBALANCE
143.81,70,3.0,92.00352314814815,0.54,92.00352314814815,0.54,SATISFIED,REBALANCE
143.81,71,3.0,59.917546875000006,0.48,59.917546875000006,0.48,SATISFIED,REBALANCE
144.25,100,2.0,61.30272983870967,0.62,,0.62,SATISFIED,TERMINATE
144.25,66,2.0,46.66154910714285,0.56,46.66154910714285,0.56,SATISFIED,REBALANCE
144.25,99,2.0,59.699042857142864,0.7,59.699042857142864,0.7,SATISFIED,REBALANCE
144.25,102,2.0,49.355957792207796,0.77,49.355957792207796,0.77,SATISFIED,REBALANCE
148.71,106,4.0,79.51922033898305,0.59,,0.59,SATISFIED,TERMINATE
148.71,42,4.0,42.813435294117646,0.85,42.813435294117646,0.85,SATISFIED,REBALANCE
148.71,105,4.0,48.17709876543209,0.81,48.17709876543209,0.81,SATISFIED,REBALANCE
148.71,107,4.0,50.850829710144936,0.69,50.850829710144936,0.69,SATISFIED,REBALANCE
148.71,108,4.0,41.69173529411765,0.68,41.69173529411765,0.68,SATISFIED,REBALANCE
150.23,99,2.0,74.4601929383117,0.5612304823682279,,0.7,SATISFIED,TERMINATE
150.23,66,2.0,46.66154910714285,0.56,46.66154910714285,0.56,SATISFIED,REBALANCE
150.23,102,2.0,49.355957792207796,0.77,49.355957792207796,0.77,SATISFIED,REBALANCE
151.8,108,4.0,45.80846052816457,0.6188896040845827,,0.68,SATISFIED,TERMINATE
151.8,42,4.0,42.813435294117646,0.85,42.813435294117646,0.85,SATISFIED,REBALANCE
151.8,105,4.0,48.17709876543209,0.81,48.17709876543209,0.81,SATISFIED,REBALANCE
151.8,107,4.0,50.850829710144936,0.69,50.850829710144936,0.69,SATISFIED,REBALANCE
153.27,38,3.0,63.746731707317075,0.41,,0.41,SATISFIED,TERMINATE
153.27,70,3.0,92.00352314814815,0.54,92.00352314814815,0.54,SATISFIED,REBALANCE
153.27,71,3.0,59.917546875000006,0.48,59.917546875000006,0.48,SATISFIED,REBALANCE
154.79,102,2.0,101.34720434253248,0.37498900681615344,,0.77,SATISFIED,TERMINATE
154.79,66,2.0,46.66154910714285,0.56,46.66154910714285,0.56,SATISFIED,REBALANCE
155.23,74,0.0,78.17120634920636,0.63,,0.63,SATISFIED,TERMINATE
155.23,22,0.0,30.48658132530121,0.83,30.48658132530121,0.83,SATISFIED,REBALANCE
155.23,27,0.0,75.4910909090909,0.66,75.4910909090909,0.66,SATISFIED,REBALANCE
155.23,28,0.0,28.55842021276596,0.94,28.55842021276596,0.94,SATISFIED,REBALANCE
155.23,79,0.0,46.13793840579711,0.69,46.13793840579711,0.69,SATISFIED,REBALANCE
155.23,80,0.0,40.62982692307693,0.65,40.62982692307693,0.65,SATISFIED,REBALANCE
155.23,85,0.0,53.26820890410959,0.73,53.26820890410959,0.73,SATISFIED,REBALANCE
155.23,86,0.0,88.44937,0.5,88.44937,0.5,SATISFIED,REBALANCE
156.09,87,1.0,126.60917459130782,0.38400963166327984,,0.57,SATISFIED,TERMINATE
156.09,91,1.0,32.07839204545455,0.8799999999999999,32.07839204545455,0.88,SATISFIED,REBALANCE
162.49,22,0.0,30.48658132530121,0.83,,0.83,SATISFIED,TERMINATE
162.49,27,0.0,75.4910909090909,0.66,75.4910909090909,0.66,SATISFIED,REBALANCE
162.49,28,0.0,28.55842021276596,0.94,28.55842021276596,0.94,SATISFIED,REBALANCE
162.49,79,0.0,46.13793840579711,0.69,46.13793840579711,0.69,SATISFIED,REBALANCE
162.49,80,0.0,40.62982692307693,0.65,40.62982692307693,0.65,SATISFIED,REBALANCE
162.49,85,0.0,53.26820890410959,0.73,53.26820890410959,0.73,SATISFIED,REBALANCE
162.49,86,0.0,88.44937,0.5,88.44937,0.5,SATISFIED,REBALANCE
164.61,105,4.0,67.56331084220054,0.577583447488865,,0.81,SATISFIED,TERMINATE
164.61,42,4.0,42.813435294117646,0.85,42.813435294117646,0.85,SATISFIED,REBALANCE
164.61,107,4.0,50.850829710144936,0.69,50.850829710144936,0.69,SATISFIED,REBALANCE
173.26,71,3.0,83.95701186342592,0.3425612925193788,,0.48,SATISFIED,TERMINATE
173.26,70,3.0,92.00352314814815,0.54,92.00352314814815,0.54,SATISFIED,REBALANCE
187.33,28,0.0,28.55842021276596,0.94,,0.94,SATISFIED,TERMINATE
187.33,27,0.0,75.4910909090909,0.66,75.4910909090909,0.66,SATISFIED,REBALANCE
187.33,79,0.0,46.13793840579711,0.69,46.13793840579711,0.69,SATISFIED,REBALANCE
187.33,80,0.0,40.62982692307693,0.65,40.62982692307693,0.65,SATISFIED,REBALANCE
187.33,85,0.0,53.26820890410959,0.73,53.26820890410959,0.73,SATISFIED,REBALANCE
187.33,86,0.0,88.44937,0.5,88.44937,0.5,SATISFIED,REBALANCE
188.16,86,0.0,88.44937,0.5,,0.5,SATISFIED,TERMINATE
188.16,27,0.0,75.4910909090909,0.66,75.4910909090909,0.66,SATISFIED,REBALANCE
188.16,79,0.0,46.13793840579711,0.69,46.13793840579711,0.69,SATISFIED,REBALANCE
188.16,80,0.0,40.62982692307693,0.65,40.62982692307693,0.65,SATISFIED,REBALANCE
188.16,85,0.0,53.26820890410959,0.73,53.26820890410959,0.73,SATISFIED,REBALANCE
188.54,79,0.0,46.13793840579711,0.69,,0.69,SATISFIED,TERMINATE
188.54,27,0.0,75.4910909090909,0.66,75.4910909090909,0.66,SATISFIED,REBALANCE
188.54,80,0.0,40.62982692307693,0.65,40.62982692307693,0.65,SATISFIED,REBALANCE
188.54,85,0.0,53.26820890410959,0.73,53.26820890410959,0.73,SATISFIED,REBALANCE
190.25,80,0.0,50.83345134431778,0.5195277283282885,,0.65,SATISFIED,TERMINATE
190.25,27,0.0,75.4910909090909,0.66,75.4910909090909,0.66,SATISFIED,REBALANCE
190.25,85,0.0,53.26820890410959,0.73,53.26820890410959,0.73,SATISFIED,REBALANCE
191.4,107,4.0,104.01869720801365,0.33731505432945263,,0.69,SATISFIED,TERMINATE
191.4,42,4.0,42.813435294117646,0.85,42.813435294117646,0.85,SATISFIED,REBALANCE
192.42,85,0.0,88.88855899750934,0.43746678918587917,,0.73,SATISFIED,TERMINATE
192.42,27,0.0,75.4910909090909,0.66,75.4910909090909,0.66,SATISFIED,REBALANCE
196.17,70,3.0,200.0,0.24840951249999998,,0.54,SATISFIED,TERMINATE
198.69,66,2.0,200.0,0.1306523375,,0.56,SATISFIED,TERMINATE
198.79,91,1.0,200.0,0.141144925,,0.88,SATISFIED,TERMINATE
200.9,27,0.0,200.0,0.2491206,,0.66,SATISFIED,TERMINATE
248.57,42,4.0,200.0,0.18195709999999998,,0.85,SATISFIED,TERMINATE
